--
-- PostgreSQL database dump
--

-- Dumped from database version 13.2
-- Dumped by pg_dump version 13.3

SET statement_timeout = 0;
SET lock_timeout = 0;
SET idle_in_transaction_session_timeout = 0;
SET client_encoding = 'UTF8';
SET standard_conforming_strings = on;
SELECT pg_catalog.set_config('search_path', '', false);
SET check_function_bodies = false;
SET xmloption = content;
SET client_min_messages = warning;
SET row_security = off;

SET default_tablespace = '';

SET default_table_access_method = heap;

--
-- Name: Account; Type: TABLE; Schema: public; Owner: postgres
--

CREATE TABLE public."Account" (
    id text NOT NULL,
    "userId" text NOT NULL,
    "providerType" text NOT NULL,
    "providerId" text NOT NULL,
    "providerAccountId" text NOT NULL,
    "refreshToken" text,
    "accessToken" text,
    "accessTokenExpires" timestamp(3) without time zone,
    "createdAt" timestamp(3) without time zone DEFAULT CURRENT_TIMESTAMP NOT NULL,
    "updatedAt" timestamp(3) without time zone NOT NULL
);


ALTER TABLE public."Account" OWNER TO postgres;

--
-- Name: Coach; Type: TABLE; Schema: public; Owner: postgres
--

CREATE TABLE public."Coach" (
    id text NOT NULL,
    "createdAt" timestamp(3) without time zone DEFAULT CURRENT_TIMESTAMP NOT NULL,
    "updatedAt" timestamp(3) without time zone NOT NULL,
    handle text NOT NULL,
    name text NOT NULL,
    type text,
    "isAssistant" text,
    "teamId" text
);


ALTER TABLE public."Coach" OWNER TO postgres;

--
-- Name: ColorScheme; Type: TABLE; Schema: public; Owner: postgres
--

CREATE TABLE public."ColorScheme" (
    id text NOT NULL,
    "createdAt" timestamp(3) without time zone DEFAULT CURRENT_TIMESTAMP NOT NULL,
    "updatedAt" timestamp(3) without time zone NOT NULL,
    "primary" text NOT NULL,
    secondary text NOT NULL,
    "teamId" text
);


ALTER TABLE public."ColorScheme" OWNER TO postgres;

--
-- Name: Player; Type: TABLE; Schema: public; Owner: postgres
--

CREATE TABLE public."Player" (
    id text NOT NULL,
    "createdAt" timestamp(3) without time zone DEFAULT CURRENT_TIMESTAMP NOT NULL,
    "updatedAt" timestamp(3) without time zone NOT NULL,
    handle text NOT NULL,
    name text NOT NULL,
    slug text NOT NULL,
    height text NOT NULL,
    weight text NOT NULL,
    number text,
    "position" text,
    "teamId" text
);


ALTER TABLE public."Player" OWNER TO postgres;

--
-- Name: Session; Type: TABLE; Schema: public; Owner: postgres
--

CREATE TABLE public."Session" (
    id text NOT NULL,
    "userId" text NOT NULL,
    expires timestamp(3) without time zone NOT NULL,
    "sessionToken" text NOT NULL,
    "accessToken" text NOT NULL,
    "createdAt" timestamp(3) without time zone DEFAULT CURRENT_TIMESTAMP NOT NULL,
    "updatedAt" timestamp(3) without time zone NOT NULL
);


ALTER TABLE public."Session" OWNER TO postgres;

--
-- Name: Team; Type: TABLE; Schema: public; Owner: postgres
--

CREATE TABLE public."Team" (
    id text NOT NULL,
    "createdAt" timestamp(3) without time zone DEFAULT CURRENT_TIMESTAMP NOT NULL,
    "updatedAt" timestamp(3) without time zone NOT NULL,
    handle text NOT NULL,
    name text NOT NULL,
    slug text NOT NULL,
    city text NOT NULL,
    abbreviation text NOT NULL,
    logo text NOT NULL,
    "logoSlug" text NOT NULL,
    wins integer,
    losses integer,
    "winPercentage" double precision,
    conference text NOT NULL,
    division text NOT NULL,
    established text NOT NULL
);


ALTER TABLE public."Team" OWNER TO postgres;

--
-- Name: User; Type: TABLE; Schema: public; Owner: postgres
--

CREATE TABLE public."User" (
    id text NOT NULL,
    name text,
    email text,
    "emailVerified" timestamp(3) without time zone,
    image text,
    apple text,
    facebook text,
    github text,
    google text,
    twitter text,
    "createdAt" timestamp(3) without time zone DEFAULT CURRENT_TIMESTAMP NOT NULL,
    "updatedAt" timestamp(3) without time zone NOT NULL
);


ALTER TABLE public."User" OWNER TO postgres;

--
-- Name: VerificationRequest; Type: TABLE; Schema: public; Owner: postgres
--

CREATE TABLE public."VerificationRequest" (
    id text NOT NULL,
    identifier text NOT NULL,
    token text NOT NULL,
    expires timestamp(3) without time zone NOT NULL,
    "createdAt" timestamp(3) without time zone DEFAULT CURRENT_TIMESTAMP NOT NULL,
    "updatedAt" timestamp(3) without time zone NOT NULL
);


ALTER TABLE public."VerificationRequest" OWNER TO postgres;

--
-- Name: _prisma_migrations; Type: TABLE; Schema: public; Owner: postgres
--

CREATE TABLE public._prisma_migrations (
    id character varying(36) NOT NULL,
    checksum character varying(64) NOT NULL,
    finished_at timestamp with time zone,
    migration_name character varying(255) NOT NULL,
    logs text,
    rolled_back_at timestamp with time zone,
    started_at timestamp with time zone DEFAULT now() NOT NULL,
    applied_steps_count integer DEFAULT 0 NOT NULL
);


ALTER TABLE public._prisma_migrations OWNER TO postgres;

--
-- Data for Name: Account; Type: TABLE DATA; Schema: public; Owner: postgres
--

COPY public."Account" (id, "userId", "providerType", "providerId", "providerAccountId", "refreshToken", "accessToken", "accessTokenExpires", "createdAt", "updatedAt") FROM stdin;
\.


--
-- Data for Name: Coach; Type: TABLE DATA; Schema: public; Owner: postgres
--

COPY public."Coach" (id, "createdAt", "updatedAt", handle, name, type, "isAssistant", "teamId") FROM stdin;
1630017	2021-07-12 06:08:53.021	2021-07-22 17:53:51.078	1630017	John Dusel	Assistant Trainer	4	1610612737
203535	2021-07-12 06:08:54.217	2021-07-22 17:54:05.422	203535	Brad Stevens	Head Coach	1	1610612738
202979	2021-07-12 06:08:54.669	2021-07-22 17:54:06.013	202979	Jamie Young	Assistant Coach	2	1610612738
1627329	2021-07-12 06:08:55.116	2021-07-22 17:54:06.649	1627329	Scott Morrison	Assistant Coach	2	1610612738
1627590	2021-07-12 06:08:55.565	2021-07-22 17:54:07.243	1627590	Jerome Allen	Assistant Coach	2	1610612738
1628210	2021-07-12 06:08:56.061	2021-07-22 17:54:07.833	1628210	Joe Mazzulla	Assistant Coach	2	1610612738
203168	2021-07-12 06:08:56.515	2021-07-22 17:54:09.701	203168	Jay Larranaga	Assistant Coach	2	1610612738
1628765	2021-07-12 06:08:56.964	2021-07-22 17:54:10.294	1628765	Art Horne	Trainer	3	1610612738
959	2021-07-12 06:08:57.413	2021-07-22 17:54:24.656	959	Steve Nash	Head Coach	1	1610612751
1783	2021-07-12 06:08:57.863	2021-07-22 17:54:25.955	1783	Mike D'Antoni	Assistant Coach	2	1610612751
1627876	2021-07-12 06:08:58.319	2021-07-22 17:54:27.096	1627876	Adam Harrington	Assistant Coach	2	1610612751
1627877	2021-07-12 06:08:58.777	2021-07-22 17:54:27.641	1627877	Jordan Ott	Assistant Coach	2	1610612751
1628803	2021-07-12 06:08:59.269	2021-07-22 17:54:28.736	1628803	Ryan Forehan-Kelly	Assistant Coach	2	1610612751
201168	2021-07-12 06:08:59.719	2021-07-22 17:54:29.284	201168	Tiago Splitter	Assistant Coach for Player Development	12	1610612751
203550	2021-07-12 06:09:00.17	2021-07-22 17:54:29.867	203550	Sebastien Poirier	Trainer	3	1610612751
202435	2021-07-12 06:09:00.622	2021-07-22 17:54:44.716	202435	James Borrego	Head Coach	1	1610612766
203753	2021-07-12 06:09:01.071	2021-07-22 17:57:06.589	203753	Ronald Nored	Assistant Coach	2	1610612754
2472	2021-07-12 06:09:01.522	2021-07-22 17:54:45.854	2472	Jay Triano	Assistant Coach	2	1610612766
202602	2021-07-12 06:09:01.974	2021-07-22 17:54:46.433	202602	Chad Iske	Assistant Coach	2	1610612766
101278	2021-07-12 06:09:02.421	2021-07-22 17:54:46.976	101278	Joe Sharpe	Trainer	3	1610612766
1627310	2021-07-12 06:09:02.871	2021-07-22 17:55:03.055	1627310	Billy Donovan	Head Coach	1	1610612741
1627604	2021-07-12 06:09:03.322	2021-07-22 17:55:03.603	1627604	Chris Fleming	Assistant Coach	2	1610612741
2511	2021-07-12 06:09:03.803	2021-07-22 17:55:04.141	2511	Mike Wilhelm	Assistant Coach	2	1610612741
202743	2021-07-12 06:09:04.253	2021-07-22 17:55:04.689	202743	John Bryant	Assistant Coach	2	1610612741
1312	2021-07-12 06:09:04.703	2021-07-22 17:55:05.772	1312	Maurice Cheeks	Assistant Coach	2	1610612741
2394	2021-07-12 06:09:05.156	2021-07-22 17:55:06.311	2394	Pete Myers	Assistant Coach	2	1610612741
2794	2021-07-12 06:09:05.602	2021-07-22 17:55:20.859	2794	JB Bickerstaff	Head Coach	1	1610612739
203811	2021-07-12 06:09:06.052	2021-07-22 17:55:21.945	203811	Greg Buckner	Assistant Coach	2	1610612739
204238	2021-07-12 06:09:06.502	2021-07-22 17:55:22.484	204238	Antonio Lang	Assistant Coach	2	1610612739
1629110	2021-07-12 06:09:06.955	2021-07-22 17:55:23.016	1629110	Dan Geriot	Assistant Coach	2	1610612739
202599	2021-07-12 06:09:07.409	2021-07-22 17:55:38.746	202599	Darrell Armstrong	Assistant Coach	2	1610612742
1628782	2021-07-12 06:09:07.858	2021-07-22 17:57:07.131	1628782	Mike Weinar	Assistant Coach	2	1610612754
1628785	2021-07-12 06:09:08.308	2021-07-22 17:55:39.883	1628785	Zach Guthrie	Assistant Coach	2	1610612742
2868	2021-07-12 06:09:08.79	2021-07-22 17:55:41.377	2868	Casey Smith	Trainer	3	1610612742
2871	2021-07-12 06:09:09.242	2021-07-22 17:55:41.919	2871	Dionne Calhoun	Assistant Trainer	4	1610612742
2610	2021-07-12 06:09:09.691	2021-07-22 17:55:54.218	2610	Michael Malone	Head Coach	1	1610612743
202894	2021-07-12 06:09:10.143	2021-07-22 17:55:55.3	202894	Charles Klask	Assistant Coach	2	1610612743
203391	2021-07-12 06:09:10.597	2021-07-22 17:55:56.394	203391	Ryan Bowen	Assistant Coach	2	1610612743
203759	2021-07-12 06:09:11.053	2021-07-22 17:55:57.521	203759	Jordi Fernandez	Assistant Coach	2	1610612743
1018	2021-07-12 06:09:11.554	2021-07-22 18:03:07.749	1018	Wes Unseld	Head Coach	1	1610612764
204230	2021-07-12 06:09:12.063	2021-07-22 17:56:14.456	204230	Tim Hardaway	Assistant Coach	2	1610612765
1336	2021-07-12 06:09:12.515	2021-07-22 17:56:14.998	1336	Tim Grgurich	Assistant Coach	2	1610612765
1226	2021-07-12 06:09:12.965	2021-07-22 17:56:16.633	1226	Sidney Lowe	Assistant Coach	2	1610612765
201678	2021-07-12 06:09:13.409	2021-07-22 17:56:17.231	201678	Jim Scholler	Trainer	3	1610612765
204239	2021-07-12 06:09:14.027	2021-07-22 17:56:31.552	204239	Jarron Collins	Assistant Coach	2	1610612744
204260	2021-07-12 06:09:14.524	2021-07-22 17:56:32.097	204260	Bruce Fraser	Assistant Coach	2	1610612744
1796	2021-07-12 06:09:14.975	2021-07-22 17:56:32.644	1796	Ron Adams	Assistant Coach	2	1610612744
2152	2021-07-12 06:09:15.426	2021-07-22 17:56:46.962	2152	Stephen Silas	Head Coach	1	1610612745
1630277	2021-07-12 06:09:15.879	2021-07-22 17:56:47.503	1630277	Rick Higgins	Assistant Coach	2	1610612745
1786	2021-07-12 06:09:16.33	2021-07-22 17:56:48.048	1786	John Lucas	Assistant Coach	2	1610612745
1257	2021-07-12 06:09:16.78	2021-07-22 17:56:50.222	1257	Keith Jones	Trainer	3	1610612745
202431	2021-07-12 06:09:17.227	2021-07-22 17:56:50.767	202431	Jason Biles	Trainer	3	1610612745
201765	2021-07-12 06:09:17.678	2021-07-22 17:57:02.789	201765	Nate Bjorkgren	Head Coach	1	1610612754
203785	2021-07-12 06:09:18.128	2021-07-22 17:57:06.049	203785	Greg Foster	Assistant Coach	2	1610612754
201696	2021-07-12 06:09:18.578	2021-07-22 17:57:07.679	201696	Kaleb Canales	Assistant Coach	2	1610612754
203764	2021-07-12 06:09:19.514	2021-07-22 17:57:05.504	203764	Tyler Marsh	Assistant Coach	2	1610612754
101200	2021-07-12 06:09:19.963	2021-07-22 17:57:08.223	101200	Josh Corbeil	Trainer	3	1610612754
2345	2021-07-12 06:09:20.429	2021-07-22 17:57:37.924	2345	Frank Vogel	Head Coach	1	1610612747
1629748	2021-07-12 06:09:20.883	2021-07-22 17:57:38.468	1629748	Quinton Crawford	Assistant Coach	2	1610612747
1353	2021-07-12 06:09:21.337	2021-07-22 17:57:39.013	1353	Lionel Hollins	Assistant Coach	2	1610612747
203456	2021-07-12 06:09:21.783	2021-07-22 17:57:39.549	203456	Jason Kidd	Assistant Coach	2	1610612747
203624	2021-07-12 06:09:22.234	2021-07-22 17:57:54.134	203624	Taylor Jenkins	Head Coach	1	1610612763
1628234	2021-07-12 06:09:22.691	2021-07-22 17:57:57.602	1628234	David McClure	Assistant Coach	2	1610612763
1630018	2021-07-12 06:09:23.142	2021-07-22 17:57:58.697	1630018	Eric Oetter	Trainer	3	1610612763
1787	2021-07-12 06:09:23.599	2021-07-22 17:58:20.024	1787	Erik Spoelstra	Head Coach	1	1610612748
2630	2021-07-12 06:09:24.223	2021-07-22 17:59:23.657	2630	Bob Beyer	Assistant Coach	2	1610612740
1370	2021-07-12 06:09:25.016	2021-07-22 17:59:45.457	1370	Roger Hinds	Trainer	3	1610612752
203758	2021-07-12 06:09:25.468	2021-07-22 18:00:02.973	203758	Mike Miller	Assistant Coach	2	1610612760
1629758	2021-07-12 06:09:25.926	2021-07-22 18:00:04.07	1629758	Dave Bliss	Assistant Coach	2	1610612760
202859	2021-07-12 06:09:26.38	2021-07-22 18:00:04.804	202859	David Akinyooye	Assistant Coach	2	1610612760
204013	2021-07-12 06:09:26.884	2021-07-22 18:00:23.972	204013	Pat Delany	Assistant Coach	2	1610612753
1865	2021-07-12 06:09:27.332	2021-07-22 18:01:00.752	1865	Randy Ayers	Assistant Coach	2	1610612756
201046	2021-07-12 06:09:27.786	2021-07-22 18:01:54.329	201046	Lindsey Harding	Assistant Coach	2	1610612758
1627564	2021-07-12 06:09:28.245	2021-07-22 18:01:55.414	1627564	Jonah Herscu	Assistant Coach	2	1610612758
2384	2021-07-12 06:09:28.696	2021-07-22 17:53:48.332	2384	Melvin Hunt	Assistant Coach	2	1610612737
1628770	2021-07-12 06:09:29.154	2021-07-22 17:53:49.126	1628770	Matt Hill	Assistant Coach	2	1610612737
1628764	2021-07-12 06:09:31.29	2021-07-22 17:53:50.487	1628764	Scottie Parker	Trainer	3	1610612737
203152	2021-07-12 06:09:32.316	2021-07-22 17:54:26.499	203152	Ime Udoka	Assistant Coach	2	1610612751
1628179	2021-07-12 06:09:32.773	2021-07-22 17:54:28.193	1628179	Royal Ivey	Assistant Coach	2	1610612751
1629710	2021-07-12 06:09:33.227	2021-07-22 17:55:21.397	1629710	Lindsay Gottlieb	Assistant Coach	2	1610612739
202565	2021-07-12 06:09:33.684	2021-07-22 17:55:23.56	202565	Mike Gerrity	Assistant Coach	2	1610612739
202427	2021-07-12 06:09:34.139	2021-07-22 18:00:22.342	202427	Jamahl Mosley	Head Coach	1	1610612753
1630491	2021-07-12 06:09:34.588	2021-07-22 17:55:54.76	1630491	John Beckett	Assistant Coach	2	1610612743
203165	2021-07-12 06:09:35.051	2021-07-22 17:55:55.841	203165	Bob Weiss	Assistant Coach	2	1610612743
203600	2021-07-12 06:09:35.501	2021-07-22 17:55:56.933	203600	David Adelman	Assistant Coach	2	1610612743
1335	2021-07-12 06:09:35.959	2021-07-22 17:56:13.857	1335	Dwane Casey	Head Coach	1	1610612765
202101	2021-07-12 06:09:36.415	2021-07-22 17:56:15.541	202101	Micah Nori	Assistant Coach	2	1610612765
204085	2021-07-12 06:09:36.871	2021-07-22 17:56:16.087	204085	Sean Sweeney	Assistant Coach	2	1610612765
204005	2021-07-12 06:09:37.946	2021-07-22 17:56:29.741	204005	Steve Kerr	Head Coach	1	1610612744
1628227	2021-07-12 06:09:38.399	2021-07-22 17:56:33.734	1628227	Drew Yoder	Trainer	3	1610612744
2205	2021-07-12 06:09:38.847	2021-07-22 17:56:48.595	2205	DeSagana Diop	Assistant Coach	2	1610612745
1627657	2021-07-12 06:09:39.302	2021-07-22 17:56:49.678	1627657	Will Weaver	Assistant Coach	2	1610612745
384	2021-07-12 06:09:39.755	2021-07-22 17:57:04.956	384	Calbert Cheaney	Assistant Coach	2	1610612754
201675	2021-07-12 06:09:40.206	2021-07-22 17:57:08.767	201675	Carl Eaton	Assistant Trainer	4	1610612754
203599	2021-07-12 06:09:40.663	2021-07-22 17:57:22.36	203599	Dan Craig	Associate Head Coach	9	1610612746
1630361	2021-07-12 06:09:41.118	2021-07-22 17:57:23.455	1630361	Jeremy Castleberry	Assistant Coach	2	1610612746
201689	2021-07-12 06:09:41.572	2021-07-22 17:57:24.003	201689	Roy Rogers	Assistant Coach	2	1610612746
201690	2021-07-12 06:09:42.073	2021-07-22 17:57:24.551	201690	Kenny Atkinson	Assistant Coach	2	1610612746
1271	2021-07-12 06:09:43.087	2021-07-22 17:57:25.096	1271	Larry Drew	Assistant Coach	2	1610612746
2814	2021-07-12 06:09:43.662	2021-07-22 17:57:25.641	2814	Brendan O'Connor	Assistant Coach	2	1610612746
2010	2021-07-12 06:09:44.118	2021-07-22 17:57:26.186	2010	Jasen Powell	Trainer	3	1610612746
203597	2021-07-12 06:09:44.57	2021-07-22 17:57:40.092	203597	Phil Handy	Assistant Coach	2	1610612747
2130	2021-07-12 06:09:45.06	2021-07-22 17:57:41.186	2130	Mike Penberthy	Assistant Coach	2	1610612747
201766	2021-07-12 06:09:45.514	2021-07-22 17:57:41.73	201766	Nina Hsieh	Trainer	3	1610612747
1630290	2021-07-12 06:09:45.962	2021-07-22 17:57:54.679	1630290	Sonia Raman	Assistant Coach	2	1610612763
202433	2021-07-12 06:09:46.413	2021-07-22 17:57:55.225	202433	Vitaly Potapenko	Assistant Coach	2	1610612763
203797	2021-07-12 06:09:46.863	2021-07-22 17:57:56.509	203797	Brad Jones	Assistant Coach	2	1610612763
204011	2021-07-12 06:09:47.368	2021-07-22 17:57:57.053	204011	Darko Rajakovic	Assistant Coach	2	1610612763
204229	2021-07-12 06:09:47.825	2021-07-22 17:58:20.766	204229	Malik Allen	Assistant Coach	2	1610612748
1281	2021-07-12 06:09:49.398	2021-07-22 17:58:23.139	1281	Jay Sabol	Trainer	3	1610612748
1628784	2021-07-12 06:09:49.839	2021-07-22 17:58:37.886	1628784	Pat St. Andrews	Assistant Coach	2	1610612749
2649	2021-07-12 06:09:50.291	2021-07-22 17:58:38.432	2649	Chad Forcier	Assistant Coach	2	1610612749
204224	2021-07-12 06:09:50.749	2021-07-22 17:58:39.522	204224	Ben Sullivan	Assistant Coach	2	1610612749
204225	2021-07-12 06:09:51.199	2021-07-22 17:58:40.07	204225	Charles Lee	Assistant Coach	2	1610612749
452	2021-07-12 06:09:51.654	2021-07-22 17:58:40.618	452	Vin Baker	Assistant Coach	2	1610612749
1628772	2021-07-12 06:09:52.108	2021-07-22 17:59:02.082	1628772	Kevin Burleson	Assistant Coach	2	1610612750
974	2021-07-12 06:09:52.562	2021-07-22 17:59:02.618	974	Joseph Blair	Assistant Coach	2	1610612750
2146	2021-07-12 06:09:53.012	2021-07-22 17:59:04.253	2146	Gregg Farnam	Trainer	3	1610612750
1277	2021-07-12 06:09:53.468	2021-07-22 17:59:22.375	1277	Stan Van Gundy	Head Coach	1	1610612740
201676	2021-07-12 06:09:54.433	2021-07-22 17:59:22.921	201676	Fred Vinson	Assistant Coach	2	1610612740
100101	2021-07-12 06:09:55.199	2021-07-22 17:59:24.203	100101	Teresa Weatherspoon	Assistant Coach	2	1610612740
777	2021-07-12 06:09:55.648	2021-07-22 17:59:25.294	777	Rex Walters	Assistant Coach	2	1610612740
1630382	2021-07-12 06:09:56.103	2021-07-22 17:59:25.852	1630382	Tom Maystadt	Trainer	3	1610612740
1630161	2021-07-12 06:09:56.555	2021-07-22 17:59:41.996	1630161	Kenny Payne	Lead Assistant Coach	13	1610612752
1285	2021-07-12 06:09:57.007	2021-07-22 17:59:42.547	1285	Mike Woodson	Assistant Coach	2	1610612752
2519	2021-07-12 06:09:57.503	2021-07-22 17:59:44.187	2519	Andy Greer	Assistant Coach	2	1610612752
101269	2021-07-12 06:09:57.963	2021-07-22 17:59:44.915	101269	Anthony Goenaga	Trainer	3	1610612752
1627327	2021-07-12 06:09:58.424	2021-07-22 18:00:01.887	1627327	Mark Daigneault	Head Coach	1	1610612760
2168	2021-07-12 06:09:58.875	2021-07-22 18:00:21.803	2168	Steve Clifford	Head Coach	1	1610612753
2821	2021-07-12 06:09:59.33	2021-07-22 18:00:26.319	2821	Ty Corbin	Assistant Coach	2	1610612753
204004	2021-07-12 06:10:00.006	2021-07-22 18:00:23.425	204004	Steve Hetzel	Assistant Coach	2	1610612753
2720	2021-07-12 06:10:00.653	2021-07-22 18:00:26.861	2720	Ernest Eugene	Trainer	3	1610612753
2515	2021-07-12 06:10:01.107	2021-07-22 18:00:41.416	2515	Dan Burke	Assistant Coach	2	1610612755
202108	2021-07-12 06:10:01.563	2021-07-22 18:00:41.955	202108	Sam Cassell	Assistant Coach	2	1610612755
1360	2021-07-12 06:10:02.017	2021-07-22 18:00:43.59	1360	Kevin Johnson	Trainer	3	1610612755
101273	2021-07-12 06:10:02.475	2021-07-22 18:00:59.672	101273	Monty Williams	Head Coach	1	1610612756
202111	2021-07-12 06:10:02.928	2021-07-22 18:01:01.293	202111	Kevin Young	Assistant Coach	2	1610612756
1337	2021-07-12 06:10:03.383	2021-07-22 18:01:29.313	1337	Terry Stotts	Head Coach	1	1610612757
203170	2021-07-12 06:10:03.834	2021-07-22 18:01:31.286	203170	Dale Osbourne	Assistant Coach	2	1610612757
2457	2021-07-12 06:10:04.289	2021-07-22 18:01:30.57	2457	Jannero Pargo	Assistant Coach	2	1610612757
1629711	2021-07-12 06:10:04.742	2021-07-22 18:01:53.792	1629711	Roy Rana	Assistant Coach	2	1610612758
1627331	2021-07-12 06:10:05.377	2021-07-22 18:01:57.597	1627331	Will Scott	Assistant Coach for Player Development	12	1610612758
203167	2021-07-12 06:10:05.825	2021-07-22 18:01:58.684	203167	Joe Resendez	Trainer	3	1610612758
873	2021-07-12 06:10:06.275	2021-07-22 18:02:14.242	873	Gregg Popovich	Head Coach	1	1610612759
2887	2021-07-12 06:10:06.73	2021-07-22 18:02:15.876	2887	Chip Engelland	Assistant Coach	2	1610612759
203606	2021-07-12 06:10:07.184	2021-07-22 18:02:31.636	203606	Nick Nurse	Head Coach	1	1610612761
203604	2021-07-12 06:10:07.632	2021-07-22 18:02:32.72	203604	Jama Mahlalela	Assistant Coach	2	1610612761
1356	2021-07-12 06:10:08.082	2021-07-22 18:02:35.089	1356	Scott McCullough	Trainer	3	1610612761
1627328	2021-07-12 06:10:08.532	2021-07-22 18:03:11.046	1627328	Jarell Christian	Assistant Coach	2	1610612764
1778	2021-07-12 06:10:08.98	2021-07-22 17:53:46.965	1778	Nate McMillan	Head Coach	1	1610612737
2607	2021-07-12 06:10:09.435	2021-07-22 17:53:47.741	2607	Chris Jent	Assistant Coach	2	1610612737
202588	2021-07-12 06:10:09.89	2021-07-22 17:54:25.424	202588	Jacque Vaughn	Lead Assistant Coach	13	1610612751
201666	2021-07-12 06:10:10.466	2021-07-22 17:54:47.517	201666	Dennis Williams	Assistant Trainer	4	1610612766
204031	2021-07-12 06:10:10.924	2021-07-22 17:55:05.236	204031	Joshua Longstaff	Assistant Coach	2	1610612741
1627666	2021-07-12 06:10:11.386	2021-07-22 17:56:33.189	1627666	Chris DeMarco	Assistant Coach for Player Development	12	1610612744
2086	2021-07-12 06:10:11.839	2021-07-22 17:57:55.776	2086	Scoonie Penn	Assistant Coach	2	1610612763
204226	2021-07-12 06:10:12.3	2021-07-22 17:58:21.852	204226	Chris Quinn	Assistant Coach	2	1610612748
201682	2021-07-12 06:10:12.799	2021-07-22 17:58:22.4	201682	Octavio De La Grana	Assistant Coach for Player Development	12	1610612748
1371	2021-07-12 06:10:13.254	2021-07-22 17:58:37.339	1371	Mike Budenholzer	Head Coach	1	1610612749
203005	2021-07-12 06:10:13.709	2021-07-22 17:58:38.98	203005	Darvin Ham	Assistant Coach	2	1610612749
201692	2021-07-12 06:10:14.165	2021-07-22 17:58:41.158	201692	Scott Faust	Trainer	3	1610612749
203150	2021-07-12 06:10:14.623	2021-07-22 17:59:01.549	203150	David Vanterpool	Associate Head Coach	9	1610612750
203143	2021-07-12 06:10:15.074	2021-07-22 17:59:03.165	203143	Pablo Prigioni	Assistant Coach	2	1610612750
1629432	2021-07-12 06:10:15.572	2021-07-22 17:59:26.398	1629432	Todd Campbell	Assistant Trainer	4	1610612740
1301	2021-07-12 06:10:16.03	2021-07-22 17:59:40.907	1301	Tom Thibodeau	Head Coach	1	1610612752
204008	2021-07-12 06:10:16.482	2021-07-22 17:59:41.451	204008	Johnnie Bryant	Associate Head Coach	9	1610612752
203375	2021-07-12 06:10:16.934	2021-07-22 17:59:43.089	203375	Darren Erman	Assistant Coach	2	1610612752
1629450	2021-07-12 06:10:17.39	2021-07-22 17:59:43.64	1629450	Larry Greer	Assistant Coach	2	1610612752
1627380	2021-07-12 06:10:17.838	2021-07-22 18:00:05.35	1627380	Kameron Woods	Assistant Coach for Player Development	12	1610612760
1630455	2021-07-12 06:10:18.295	2021-07-22 18:00:05.905	1630455	Zach Peterson	Assistant Coach for Player Development	12	1610612760
1627341	2021-07-12 06:10:18.746	2021-07-22 18:00:25.78	1627341	Mike Batiste	Assistant Coach	2	1610612753
1627164	2021-07-12 06:10:19.198	2021-07-22 18:00:24.696	1627164	Bruce Kreutzer	Assistant Coach	2	1610612753
1627336	2021-07-12 06:10:19.65	2021-07-22 18:00:25.239	1627336	Dylan Murphy	Assistant Coach	2	1610612753
1629169	2021-07-12 06:10:20.099	2021-07-22 18:00:40.867	1629169	Brian Adams	Assistant Coach	2	1610612755
201220	2021-07-12 06:10:20.593	2021-07-22 18:00:43.043	201220	David Joerger	Assistant Coach	2	1610612755
1629427	2021-07-12 06:10:21.045	2021-07-22 18:01:00.213	1629427	Brian Randle	Assistant Coach	2	1610612756
1628228	2021-07-12 06:10:21.497	2021-07-22 18:01:01.839	1628228	Willie Green	Assistant Coach	2	1610612756
1629410	2021-07-12 06:10:21.951	2021-07-22 18:01:02.933	1629410	David Crewe	Trainer	3	1610612756
202891	2021-07-12 06:10:22.4	2021-07-22 18:01:29.844	202891	Nate Tibbetts	Associate Head Coach	9	1610612757
1628240	2021-07-12 06:10:22.852	2021-07-22 18:01:32.37	1628240	John McCullough	Assistant Coach	2	1610612757
1627471	2021-07-12 06:10:23.315	2021-07-22 18:01:31.83	1627471	Jim Moran	Assistant Coach	2	1610612757
101272	2021-07-12 06:10:23.771	2021-07-22 18:01:33.634	101272	Geoff Clark	Trainer	3	1610612757
204012	2021-07-12 06:10:24.222	2021-07-22 18:01:52.698	204012	Luke Walton	Head Coach	1	1610612758
1672	2021-07-12 06:10:24.674	2021-07-22 18:01:55.965	1672	Rex Kalamian	Assistant Coach	2	1610612758
202985	2021-07-12 06:10:25.131	2021-07-22 18:01:56.51	202985	Bobby Jackson	Assistant Coach for Player Development	12	1610612758
278	2021-07-12 06:10:25.588	2021-07-22 18:01:57.054	278	Stacey Augmon	Assistant Coach for Player Development	12	1610612758
1627971	2021-07-12 06:10:26.044	2021-07-22 18:01:58.142	1627971	Rico Hines	Assistant Coach for Player Development	12	1610612758
1628188	2021-07-12 06:10:26.5	2021-07-22 18:02:14.788	1628188	Mitch Johnson	Assistant Coach	2	1610612759
204019	2021-07-12 06:10:26.952	2021-07-22 18:02:16.419	204019	Becky Hammon	Assistant Coach	2	1610612759
1628181	2021-07-12 06:10:27.402	2021-07-22 18:02:16.96	1628181	Will Hardy	Assistant Coach	2	1610612759
1264	2021-07-12 06:10:27.899	2021-07-22 18:02:17.504	1264	Will Sevening	Trainer	3	1610612759
1629144	2021-07-12 06:10:28.349	2021-07-22 18:02:33.266	1629144	Sergio Scariolo	Assistant Coach	2	1610612761
1629761	2021-07-12 06:10:28.794	2021-07-22 18:02:33.809	1629761	Fab Flournoy	Assistant Coach	2	1610612761
201878	2021-07-12 06:10:29.252	2021-07-22 18:02:34.359	201878	Adrian Griffin	Assistant Coach	2	1610612761
1630282	2021-07-12 06:10:29.703	2021-07-22 18:02:47.986	1630282	Sergi Oliva	Assistant Coach	2	1610612762
2039	2021-07-12 06:10:30.162	2021-07-22 18:02:48.516	2039	Keyon Dooling	Assistant Coach	2	1610612762
725	2021-07-12 06:10:30.661	2021-07-22 18:02:49.067	725	Dell Demps	Assistant Coach	2	1610612762
204007	2021-07-12 06:10:31.674	2021-07-22 18:02:49.61	204007	Alex Jensen	Assistant Coach	2	1610612762
1626233	2021-07-12 06:10:32.127	2021-07-22 18:02:50.154	1626233	Jeff Watkinson	Assistant Coach	2	1610612762
1630280	2021-07-12 06:10:32.578	2021-07-22 18:02:51.233	1630280	Vince Legarza	Assistant Coach	2	1610612762
1630281	2021-07-12 06:10:33.031	2021-07-22 18:02:51.777	1630281	Lamar Skeeter	Assistant Coach	2	1610612762
1997	2021-07-12 06:10:33.485	2021-07-22 18:02:52.32	1997	Mike Wells	Assistant Coach	2	1610612762
101203	2021-07-12 06:10:33.934	2021-07-22 18:02:53.053	101203	Eric Waters	Trainer	3	1610612762
101277	2021-07-12 06:10:34.386	2021-07-22 18:02:53.642	101277	Brian Zettler	Trainer	3	1610612762
2623	2021-07-12 06:10:34.84	2021-07-22 18:03:08.289	2623	Scott Brooks	Head Coach	1	1610612764
201665	2021-07-12 06:10:35.296	2021-07-22 18:03:09.423	201665	Mike Longabardi	Assistant Coach	2	1610612764
202105	2021-07-12 06:10:35.749	2021-07-22 18:03:09.97	202105	Robert Pack	Assistant Coach	2	1610612764
203601	2021-07-12 06:10:36.208	2021-07-22 18:03:10.515	203601	Mike Terpstra	Assistant Coach	2	1610612764
1630363	2021-07-12 06:10:36.865	2021-07-22 18:03:11.589	1630363	Dean Oliver	Assistant Coach	2	1610612764
1630364	2021-07-12 06:10:37.316	2021-07-22 18:03:12.126	1630364	David Atkins	Assistant Coach	2	1610612764
1628807	2021-07-12 06:10:37.769	2021-07-22 17:54:08.382	1628807	Brandon Bailey	Assistant Coach	2	1610612738
1629412	2021-07-12 06:10:38.223	2021-07-22 17:54:30.451	1629412	Dan Liburd	Strength and Conditioning Coach	5	1610612751
204286	2021-07-12 06:10:38.682	2021-07-22 17:55:24.107	204286	Stephen Spiro	Trainer	3	1610612739
1320	2021-07-12 06:10:39.134	2021-07-22 17:57:03.329	1320	Rick Carlisle	Head Coach	1	1610612754
1630496	2021-07-12 06:10:39.584	2021-07-22 17:55:40.651	1630496	Jenny Coucek	Assistant Coach	2	1610612742
1627167	2021-07-12 06:10:40.039	2021-07-22 17:55:58.611	1627167	Dan Shimensky	Trainer	3	1610612743
1658	2021-07-12 06:10:40.493	2021-07-22 17:56:31.01	1658	Mike Brown	Assistant Coach	2	1610612744
202898	2021-07-12 06:10:40.942	2021-07-22 17:56:49.136	202898	Jeff Hornacek	Assistant Coach	2	1610612745
202978	2021-07-12 06:10:41.395	2021-07-22 17:57:21.816	202978	Tyronn Lue	Head Coach	1	1610612746
1497	2021-07-12 06:10:42.028	2021-07-22 18:01:28.76	1497	Chauncey Billups	Head Coach	1	1610612757
1628472	2021-07-12 06:10:42.483	2021-07-22 17:57:40.635	1628472	Miles Simon	Assistant Coach	2	1610612747
202109	2021-07-12 06:10:42.985	2021-07-22 17:59:03.712	202109	Bryan Gates	Assistant Coach	2	1610612750
203243	2021-07-12 06:10:43.446	2021-07-22 17:59:24.749	203243	Casey Hill	Assistant Coach	2	1610612740
1628178	2021-07-12 06:10:43.895	2021-07-22 18:00:02.431	1628178	Vin Bhavnani	Assistant Coach	2	1610612760
2366	2021-07-12 06:10:44.355	2021-07-22 18:00:03.516	2366	Mike Wilks	Assistant Coach	2	1610612760
1629423	2021-07-12 06:10:44.809	2021-07-22 18:00:06.45	1629423	Donnie Strack	Trainer	3	1610612760
1941	2021-07-12 06:10:45.26	2021-07-22 18:00:40.323	1941	Doc Rivers	Head Coach	1	1610612755
1831	2021-07-12 06:10:50.377	2021-07-22 17:53:49.903	1831	Marlon Garnett	Assistant Coach	2	1610612737
202603	2021-07-22 17:51:05.591	2021-07-22 17:57:03.869	202603	Lloyd Pierce	Lead Assistant Coach	13	1610612754
100616	2021-07-22 17:51:06.137	2021-07-22 17:57:04.409	100616	Jenny Boucek	Assistant Coach	2	1610612754
201336	2021-07-12 06:10:50.825	2021-07-22 17:57:58.155	201336	Blake Ahearn	Assistant Coach	2	1610612763
2406	2021-07-12 06:10:51.272	2021-07-22 17:58:21.31	2406	Caron Butler	Assistant Coach	2	1610612748
202896	2021-07-12 06:10:51.728	2021-07-22 17:59:01.007	202896	Chris Finch	Head Coach	1	1610612750
202434	2021-07-12 06:10:45.758	2021-07-22 18:00:42.496	202434	Popeye Jones	Assistant Coach	2	1610612755
101173	2021-07-12 06:10:46.216	2021-07-22 18:01:02.385	101173	Mark Bryant	Assistant Coach	2	1610612756
1243	2021-07-12 06:10:46.79	2021-07-22 18:01:53.245	1243	Alvin Gentry	Associate Head Coach	9	1610612758
203605	2021-07-12 06:10:47.236	2021-07-22 18:01:54.873	203605	Jesse Mermuys	Assistant Coach	2	1610612758
2443	2021-07-12 06:10:47.687	2021-07-22 18:02:15.328	2443	Darius Songaila	Assistant Coach	2	1610612759
1629821	2021-07-12 06:10:48.133	2021-07-22 18:02:32.177	1629821	Jon Goodwillie	Assistant Coach	2	1610612761
202439	2021-07-12 06:10:48.582	2021-07-22 18:02:47.437	202439	Quin Snyder	Head Coach	1	1610612762
1628216	2021-07-12 06:10:49.028	2021-07-22 18:02:50.695	1628216	Bryan Bailey	Assistant Coach	2	1610612762
1655	2021-07-12 06:10:49.478	2021-07-22 18:03:08.883	1655	Tony Brown	Associate Head Coach	9	1610612764
200744	2021-07-12 06:10:49.928	2021-07-22 18:03:12.857	200744	Corey Gaines	Assistant Coach	2	1610612764
\.


--
-- Data for Name: ColorScheme; Type: TABLE DATA; Schema: public; Owner: postgres
--

COPY public."ColorScheme" (id, "createdAt", "updatedAt", "primary", secondary, "teamId") FROM stdin;
1	2021-07-12 06:10:52.219	2021-07-12 06:10:52.219	#002D62	#FDBB30	1610612754
2	2021-07-12 06:10:53.041	2021-07-12 06:10:53.041	#0C2340	#236192	1610612750
3	2021-07-12 06:10:53.575	2021-07-12 06:10:53.575	#CE1141	#000000	1610612741
4	2021-07-12 06:10:54.116	2021-07-12 06:10:54.116	#CE1141	#000000	1610612761
5	2021-07-12 06:10:54.652	2021-07-12 06:10:54.652	# 002B5C	#E31837	1610612764
6	2021-07-12 06:10:55.2	2021-07-12 06:10:55.2	#C4CED4	#000000	1610612759
7	2021-07-12 06:10:55.741	2021-07-12 06:10:55.741	#5A2D81	#63727A	1610612758
8	2021-07-12 06:10:56.281	2021-07-12 06:10:56.281	#002B5C	#F9A01B	1610612762
9	2021-07-12 06:10:56.816	2021-07-12 06:10:56.816	#98002E	#000000	1610612748
10	2021-07-12 06:10:57.52	2021-07-12 06:10:57.52	#E03A3E	#000000	1610612757
11	2021-07-12 06:10:58.064	2021-07-12 06:10:58.064	#1D1160	#E56020	1610612756
12	2021-07-12 06:10:58.647	2021-07-12 06:10:58.647	#5D76A9	#12173F	1610612763
13	2021-07-12 06:10:59.184	2021-07-12 06:10:59.184	#00471B	#EEE1C6	1610612749
14	2021-07-12 06:10:59.729	2021-07-12 06:10:59.729	#007AC1	#EF3B24	1610612760
15	2021-07-12 06:11:00.276	2021-07-12 06:11:00.276	#006BB6	#D50032	1610612755
16	2021-07-12 06:11:00.818	2021-07-12 06:11:00.818	#006BB6	#F58426	1610612752
17	2021-07-12 06:11:01.401	2021-07-12 06:11:01.401	#0C2340	#C8102E	1610612740
18	2021-07-12 06:11:01.937	2021-07-12 06:11:01.937	#C8102E	#1D428A	1610612746
19	2021-07-12 06:11:02.617	2021-07-12 06:11:02.617	#552583	#FDB927	1610612747
20	2021-07-12 06:11:03.154	2021-07-12 06:11:03.154	#0077C0	#C4CED4	1610612753
21	2021-07-12 06:11:03.69	2021-07-12 06:11:03.69	#1D428A	#FFC72C	1610612744
22	2021-07-12 06:11:04.225	2021-07-12 06:11:04.225	#0E2240	#FEC524	1610612743
23	2021-07-12 06:11:04.75	2021-07-12 06:11:04.75	#C8102E	#1D42BA	1610612765
24	2021-07-12 06:15:21.372	2021-07-12 06:15:21.372	#CE1141	#000000	1610612745
25	2021-07-12 06:15:21.879	2021-07-12 06:15:21.879	#00538C	#B8C4CA	1610612742
26	2021-07-12 06:15:22.442	2021-07-12 06:15:22.442	#000000	#FFFFFF	1610612751
27	2021-07-12 06:15:23.034	2021-07-12 06:15:23.034	#E03A3E	#C1D32F	1610612737
28	2021-07-12 06:15:23.612	2021-07-12 06:15:23.612	#007A33	#BA9653	1610612738
29	2021-07-12 06:15:24.193	2021-07-12 06:15:24.193	#860038	#041E42	1610612739
30	2021-07-12 06:15:24.762	2021-07-12 06:15:24.762	#1D1160	#00788C	1610612766
\.


--
-- Data for Name: Player; Type: TABLE DATA; Schema: public; Owner: postgres
--

COPY public."Player" (id, "createdAt", "updatedAt", handle, name, slug, height, weight, number, "position", "teamId") FROM stdin;
1629066	2021-07-12 06:04:42.52	2021-07-12 06:04:42.52	1629066	Rodions Kurucs	rodions-kurucs	6-9	228	00	F	\N
1630211	2021-07-12 06:04:43.276	2021-07-12 06:04:43.276	1630211	Karim Mane	karim-mane	6-3	190	4	G	\N
1628383	2021-07-12 06:04:43.767	2021-07-12 06:04:43.767	1628383	Justin Patton	justin-patton	6-11	241	26	C	\N
1629684	2021-07-12 06:04:44.263	2021-07-22 17:53:57.111	1629684	Grant Williams	grant-williams	6-6	236	12	F	1610612738
203953	2021-07-12 06:04:44.758	2021-07-22 17:53:58.29	203953	Jabari Parker	jabari-parker	6-8	245	20	F	1610612738
1628400	2021-07-12 06:04:45.209	2021-07-22 17:54:00.064	1628400	Semi Ojeleye	semi-ojeleye	6-6	240	37	F	1610612738
1629682	2021-07-12 06:04:45.654	2021-07-22 17:54:03.16	1629682	Tremont Waters	tremont-waters	5-10	175	51	G	1610612738
1629605	2021-07-12 06:04:46.105	2021-07-22 17:54:04.286	1629605	Tacko Fall	tacko-fall	7-5	311	99	C	1610612738
201933	2021-07-12 06:04:46.553	2021-07-22 17:54:15.435	201933	Blake Griffin	blake-griffin	6-9	250	2	F	1610612751
201142	2021-07-12 06:04:46.994	2021-07-22 17:54:17.393	201142	Kevin Durant	kevin-durant	6-10	240	7	F	1610612751
202681	2021-07-12 06:04:47.889	2021-07-22 17:54:19.941	202681	Kyrie Irving	kyrie-irving	6-2	195	11	G	1610612751
201935	2021-07-12 06:04:48.337	2021-07-22 17:54:21.125	201935	James Harden	james-harden	6-5	220	13	G	1610612751
1628970	2021-07-12 06:04:48.783	2021-07-22 17:54:34.738	1628970	Miles Bridges	miles-bridges	6-6	225	0	F	1610612766
1628370	2021-07-12 06:04:49.232	2021-07-22 17:54:35.33	1628370	Malik Monk	malik-monk	6-3	200	1	G	1610612766
1626179	2021-07-12 06:04:49.677	2021-07-22 17:54:36.504	1626179	Terry Rozier	terry-rozier	6-1	190	3	G	1610612766
1628984	2021-07-12 06:04:50.124	2021-07-22 17:54:37.144	1628984	Devonte' Graham	devonte-graham	6-1	195	4	G	1610612766
1629667	2021-07-12 06:04:50.71	2021-07-22 17:54:37.735	1629667	Jalen McDaniels	jalen-mcdaniels	6-9	205	6	F-C	1610612766
202954	2021-07-12 06:04:51.159	2021-07-22 17:54:39.456	202954	Brad Wanamaker	brad-wanamaker	6-3	210	9	G	1610612766
1628998	2021-07-12 06:04:51.701	2021-07-22 17:54:40.634	1628998	Cody Martin	cody-martin	6-5	205	11	F	1610612766
202330	2021-07-12 06:04:52.15	2021-07-22 17:54:41.815	202330	Gordon Hayward	gordon-hayward	6-7	225	20	F	1610612766
1629023	2021-07-12 06:04:52.644	2021-07-22 17:54:42.954	1629023	P.J. Washington	pj-washington	6-7	230	25	F	1610612766
1629632	2021-07-12 06:04:53.139	2021-07-22 17:54:52.851	1629632	Coby White	coby-white	6-5	195	0	G	1610612741
1628972	2021-07-12 06:04:53.583	2021-07-22 17:54:55.336	1628972	Troy Brown Jr.	troy-brown-jr	6-6	215	7	G-F	1610612741
1629750	2021-07-12 06:04:54.034	2021-07-22 17:54:57.112	1629750	Javonte Green	javonte-green	6-4	205	11	G-F	1610612741
1628464	2021-07-12 06:04:54.477	2021-07-22 17:55:00.212	1628464	Daniel Theis	daniel-theis	6-8	245	27	F-C	1610612741
1629685	2021-07-12 06:04:54.927	2021-07-22 17:55:13.1	1629685	Dylan Windler	dylan-windler	6-6	196	9	G-F	1610612739
203521	2021-07-12 06:04:55.373	2021-07-22 17:55:15.303	203521	Matthew Dellavedova	matthew-dellavedova	6-3	200	18	G	1610612739
1628422	2021-07-12 06:04:56.407	2021-07-22 17:55:16.078	1628422	Damyean Dotson	damyean-dotson	6-5	210	21	G	1610612739
1629662	2021-07-12 06:04:56.856	2021-07-22 17:55:17.262	1629662	Mfiondu Kabengele	mfiondu-kabengele	6-9	250	27	F-C	1610612739
1629731	2021-07-12 06:04:57.3	2021-07-22 17:55:18.491	1629731	Dean Wade	dean-wade	6-9	228	32	F-C	1610612739
204001	2021-07-12 06:04:57.748	2021-07-22 17:55:29.387	204001	Kristaps Porzingis	kristaps-porzingis	7-3	240	6	F-C	1610612742
203939	2021-07-12 06:04:58.194	2021-07-22 17:55:30.153	203939	Dwight Powell	dwight-powell	6-10	240	7	F-C	1610612742
1628973	2021-07-12 06:04:58.641	2021-07-22 17:55:32.423	1628973	Jalen Brunson	jalen-brunson	6-1	190	13	G	1610612742
200755	2021-07-12 06:04:59.089	2021-07-22 17:55:33.594	200755	JJ Redick	jj-redick	6-3	200	17	G	1610612742
1626161	2021-07-12 06:04:59.535	2021-07-22 17:55:34.181	1626161	Willie Cauley-Stein	willie-cauley-stein	7-0	240	33	C	1610612742
1628420	2021-07-12 06:04:59.978	2021-07-22 17:55:48.864	1628420	Monte Morris	monte-morris	6-2	183	11	G	1610612743
1627750	2021-07-12 06:05:00.425	2021-07-22 17:55:51.133	1627750	Jamal Murray	jamal-murray	6-3	215	27	G	1610612743
1628372	2021-07-12 06:05:01.063	2021-07-22 17:56:00.551	1628372	Dennis Smith Jr.	dennis-smith-jr	6-2	205	0	G	1610612765
201587	2021-07-12 06:05:01.51	2021-07-22 17:57:19.852	201587	Nicolas Batum	nicolas-batum	6-8	230	33	G-F	1610612746
1630167	2021-07-12 06:05:01.964	2021-07-22 17:59:31.942	1630167	Obi Toppin	obi-toppin	6-9	220	1	F	1610612752
202689	2021-07-12 06:05:02.414	2021-07-22 17:59:54.605	202689	Kemba Walker	kemba-walker	6-0	184	8	G	1610612760
1630177	2021-07-12 06:05:02.863	2021-07-22 17:59:55.744	1630177	Theo Maledon	theo-maledon	6-4	175	11	G	1610612760
1630197	2021-07-12 06:05:03.309	2021-07-22 17:59:58.771	1630197	Aleksej Pokusevski	aleksej-pokusevski	7-0	190	17	C	1610612760
1629676	2021-07-12 06:05:03.757	2021-07-22 17:59:59.354	1629676	Isaiah Roby	isaiah-roby	6-8	230	22	F	1610612760
1628371	2021-07-12 06:05:04.21	2021-07-22 18:00:11.886	1628371	Jonathan Isaac	jonathan-isaac	6-11	230	1	F	1610612753
1629643	2021-07-12 06:05:04.655	2021-07-22 18:00:12.447	1629643	Chuma Okeke	chuma-okeke	6-6	229	3	F	1610612753
1628407	2021-07-12 06:05:05.105	2021-07-22 18:00:14.13	1628407	Dwayne Bacon	dwayne-bacon	6-6	221	8	G-F	1610612753
203516	2021-07-12 06:05:05.559	2021-07-22 18:00:14.861	203516	James Ennis III	james-ennis-iii	6-6	215	11	F	1610612753
1630175	2021-07-12 06:05:06.138	2021-07-22 18:00:21.207	1630175	Cole Anthony	cole-anthony	6-2	185	50	G	1610612753
1630178	2021-07-12 06:05:06.583	2021-07-22 18:00:29.974	1630178	Tyrese Maxey	tyrese-maxey	6-2	200	0	G	1610612755
1630198	2021-07-12 06:05:07.031	2021-07-22 18:00:31.237	1630198	Isaiah Joe	isaiah-joe	6-4	165	7	G	1610612755
1630194	2021-07-12 06:05:07.482	2021-07-22 18:00:39.732	1630194	Paul Reed	paul-reed	6-9	210	44	F	1610612755
1630234	2021-07-12 06:05:07.972	2021-07-22 18:00:50.529	1630234	Ty-Shon Alexander	ty-shon-alexander	6-3	195	0	G	1610612756
1630188	2021-07-12 06:05:08.46	2021-07-22 18:00:53.961	1630188	Jalen Smith	jalen-smith	6-10	215	10	F-C	1610612756
202683	2021-07-12 06:05:08.908	2021-07-22 18:01:23.752	202683	Enes Kanter	enes-kanter	6-10	250	11	C	1610612757
1629604	2021-07-12 06:05:09.36	2021-07-22 18:01:24.482	1629604	CJ Elleby	cj-elleby	6-6	200	16	F-G	1610612757
1630186	2021-07-12 06:05:09.81	2021-07-22 18:01:43.256	1630186	Jahmi'us Ramsey	jahmius-ramsey	6-3	190	3	G	1610612758
1630218	2021-07-12 06:05:10.264	2021-07-22 18:01:46.837	1630218	Robert Woodard II	robert-woodard-ii	6-6	235	13	F	1610612758
1630170	2021-07-12 06:05:10.716	2021-07-22 18:02:10.747	1630170	Devin Vassell	devin-vassell	6-5	200	24	G-F	1610612759
1630200	2021-07-12 06:05:11.344	2021-07-22 18:02:12.61	1630200	Tre Jones	tre-jones	6-1	185	33	G	1610612759
1630223	2021-07-12 06:05:11.793	2021-07-12 06:05:11.793	1630223	Jalen Harris	jalen-harris	6-5	195	2	G	1610612761
1630201	2021-07-12 06:05:12.247	2021-07-22 18:02:25.877	1630201	Malachi Flynn	malachi-flynn	6-1	175	8	G	1610612761
1630235	2021-07-12 06:05:12.689	2021-07-22 18:02:39.054	1630235	Trent Forrest	trent-forrest	6-4	210	3	G	1610612762
1628962	2021-07-12 06:05:13.138	2021-07-22 18:02:41.832	1628962	Udoka Azubuike	udoka-azubuike	6-10	280	20	C-F	1610612762
1630190	2021-07-12 06:05:13.584	2021-07-22 18:02:44.64	1630190	Elijah Hughes	elijah-hughes	6-5	215	33	G	1610612762
1628968	2021-07-12 06:05:14.044	2021-07-12 06:05:14.044	1628968	Brian Bowen II	brian-bowen-ii	6-6	190	10	F-G	\N
1627789	2021-07-12 06:04:47.443	2021-07-22 17:54:18.575	1627789	Timothe Luwawu-Cabarrot	timothe-luwawu-cabarrot	6-7	220	9	G-F	1610612751
1628390	2021-07-12 06:05:14.538	2021-07-12 06:05:14.538	1628390	Terrance Ferguson	terrance-ferguson	6-6	190	23	G	\N
1626188	2021-07-12 06:05:15.031	2021-07-12 06:05:15.031	1626188	Quinn Cook	quinn-cook	6-1	180	2	G	\N
202696	2021-07-12 06:05:15.527	2021-07-22 17:54:56.52	202696	Nikola Vucevic	nikola-vucevic	6-11	260	9	C	1610612741
203107	2021-07-12 06:05:16.216	2021-07-22 17:55:00.796	203107	Tomas Satoransky	tomas-satoransky	6-7	210	31	G	1610612741
1626224	2021-07-12 06:05:16.664	2021-07-22 17:55:14.764	1626224	Cedi Osman	cedi-osman	6-7	230	16	F	1610612739
1626196	2021-07-12 06:05:17.121	2021-07-22 17:55:27.043	1626196	Josh Richardson	josh-richardson	6-5	200	0	G	1610612742
1629029	2021-07-12 06:05:17.57	2021-07-22 17:55:36.484	1629029	Luka Doncic	luka-doncic	6-7	230	77	F-G	1610612742
203115	2021-07-12 06:05:18.018	2021-07-22 17:55:47.156	203115	Will Barton	will-barton	6-6	181	5	G	1610612743
1629626	2021-07-12 06:05:18.473	2021-07-22 17:55:48.292	1629626	Bol Bol	bol-bol	7-2	220	10	C-F	1610612743
201580	2021-07-12 06:05:18.927	2021-07-22 17:55:52.316	201580	JaVale McGee	javale-mcgee	7-0	270	34	C-F	1610612743
1628408	2021-07-12 06:05:19.378	2021-07-22 17:55:53.055	1628408	PJ Dozier	pj-dozier	6-6	205	35	G-F	1610612743
1628402	2021-07-12 06:05:19.827	2021-07-22 17:56:01.094	1628402	Frank Jackson	frank-jackson	6-3	205	5	G	1610612765
203486	2021-07-12 06:05:20.28	2021-07-22 17:56:06.676	203486	Mason Plumlee	mason-plumlee	6-11	254	24	F-C	1610612765
1629076	2021-07-12 06:05:20.727	2021-07-22 17:56:07.265	1629076	Tyler Cook	tyler-cook	6-8	255	25	F	1610612765
1629346	2021-07-12 06:05:21.177	2021-07-22 17:56:22.697	1629346	Alen Smailagic	alen-smailagic	6-10	215	6	F	1610612744
1629672	2021-07-12 06:05:21.627	2021-07-22 17:56:23.242	1629672	Eric Paschall	eric-paschall	6-6	255	7	F	1610612744
1628539	2021-07-12 06:05:22.077	2021-07-22 17:56:25.622	1628539	Mychal Mulder	mychal-mulder	6-3	184	15	G	1610612744
203110	2021-07-12 06:05:22.523	2021-07-22 17:56:26.805	203110	Draymond Green	draymond-green	6-6	230	23	F	1610612744
202340	2021-07-12 06:05:23.021	2021-07-22 17:56:42.979	202340	Avery Bradley	avery-bradley	6-3	180	9	G	1610612745
203482	2021-07-12 06:05:23.515	2021-07-22 17:56:46.372	203482	Kelly Olynyk	kelly-olynyk	6-11	240	41	F-C	1610612745
203933	2021-07-12 06:05:23.965	2021-07-22 17:56:53.072	203933	T.J. Warren	tj-warren	6-8	220	1	F	1610612754
1628988	2021-07-12 06:05:24.42	2021-07-22 17:56:54.205	1628988	Aaron Holiday	aaron-holiday	6-0	185	3	G	1610612754
1627763	2021-07-12 06:05:25.135	2021-07-22 17:56:55.282	1627763	Malcolm Brogdon	malcolm-brogdon	6-5	229	7	G	1610612754
204456	2021-07-12 06:05:25.582	2021-07-22 17:56:56.415	204456	T.J. McConnell	tj-mcconnell	6-1	190	9	G	1610612754
1629048	2021-07-12 06:05:26.045	2021-07-22 17:57:02.198	1629048	Goga Bitadze	goga-bitadze	6-11	250	88	C-F	1610612754
201976	2021-07-12 06:05:26.823	2021-07-22 17:57:19.313	201976	Patrick Beverley	patrick-beverley	6-1	180	21	G	1610612746
203484	2021-07-12 06:05:27.272	2021-07-22 17:57:28.741	203484	Kentavious Caldwell-Pope	kentavious-caldwell-pope	6-5	204	1	G	1610612747
203083	2021-07-12 06:05:27.724	2021-07-22 17:57:29.376	203083	Andre Drummond	andre-drummond	6-10	279	2	C	1610612747
1629659	2021-07-12 06:05:28.174	2021-07-22 17:57:31.091	1629659	Talen Horton-Tucker	talen-horton-tucker	6-4	234	5	G	1610612747
202083	2021-07-12 06:05:28.623	2021-07-22 17:57:32.726	202083	Wesley Matthews	wesley-matthews	6-4	220	9	G	1610612747
201162	2021-07-12 06:05:29.067	2021-07-22 17:57:33.312	201162	Jared Dudley	jared-dudley	6-6	237	10	F	1610612747
1629719	2021-07-12 06:05:29.521	2021-07-22 17:57:33.856	1629719	Devontae Cacok	devontae-cacok	6-7	240	12	F	1610612747
1628035	2021-07-12 06:05:29.97	2021-07-22 17:57:36.155	1628035	Alfonzo McKinnie	alfonzo-mckinnie	6-7	215	28	F	1610612747
1626159	2021-07-12 06:05:30.418	2021-07-22 17:57:47.351	1626159	Justise Winslow	justise-winslow	6-6	222	7	F-G	1610612763
1629634	2021-07-12 06:05:30.866	2021-07-22 17:57:49.67	1629634	Brandon Clarke	brandon-clarke	6-8	215	15	F	1610612763
1629639	2021-07-12 06:05:31.774	2021-07-22 17:58:14.362	1629639	Tyler Herro	tyler-herro	6-5	195	14	G	1610612748
1629134	2021-07-12 06:05:32.225	2021-07-22 17:58:16.133	1629134	Kendrick Nunn	kendrick-nunn	6-2	190	25	G	1610612748
2738	2021-07-12 06:05:32.677	2021-07-22 17:58:16.676	2738	Andre Iguodala	andre-iguodala	6-6	215	28	G-F	1610612748
1629130	2021-07-12 06:05:33.125	2021-07-22 17:58:18.347	1629130	Duncan Robinson	duncan-robinson	6-7	215	55	F	1610612748
1626171	2021-07-12 06:05:33.574	2021-07-22 17:58:29.584	1626171	Bobby Portis	bobby-portis	6-10	250	9	F	1610612749
200782	2021-07-12 06:05:34.028	2021-07-22 17:58:32.013	200782	P.J. Tucker	pj-tucker	6-5	245	17	F	1610612749
1626192	2021-07-12 06:05:34.477	2021-07-22 17:58:33.741	1626192	Pat Connaughton	pat-connaughton	6-5	209	24	G	1610612749
1629669	2021-07-12 06:05:34.923	2021-07-22 17:58:53.957	1629669	Jaylen Nowell	jaylen-nowell	6-4	201	4	G	1610612750
1629675	2021-07-12 06:05:35.368	2021-07-22 17:58:57.248	1629675	Naz Reid	naz-reid	6-9	264	11	C-F	1610612750
1628366	2021-07-12 06:05:35.834	2021-07-22 17:59:14.358	1628366	Lonzo Ball	lonzo-ball	6-6	190	2	G	1610612740
1628404	2021-07-12 06:05:36.286	2021-07-22 17:59:14.945	1628404	Josh Hart	josh-hart	6-5	215	3	G	1610612740
202339	2021-07-12 06:05:36.981	2021-07-22 17:59:16.124	202339	Eric Bledsoe	eric-bledsoe	6-1	214	5	G	1610612740
201949	2021-07-12 06:05:37.431	2021-07-22 17:59:20.651	201949	James Johnson	james-johnson	6-7	240	16	F	1610612740
201565	2021-07-12 06:05:37.882	2021-07-22 17:59:33.071	201565	Derrick Rose	derrick-rose	6-2	200	4	G	1610612752
1628373	2021-07-12 06:05:38.375	2021-07-22 17:59:35.34	1628373	Frank Ntilikina	frank-ntilikina	6-4	200	11	G	1610612752
202692	2021-07-12 06:05:38.87	2021-07-22 17:59:36.698	202692	Alec Burks	alec-burks	6-6	214	18	G	1610612752
1629011	2021-07-12 06:05:39.316	2021-07-22 17:59:38.423	1629011	Mitchell Robinson	mitchell-robinson	7-0	240	23	C-F	1610612752
203493	2021-07-12 06:05:39.763	2021-07-22 17:59:38.968	203493	Reggie Bullock	reggie-bullock	6-6	205	25	G-F	1610612752
203944	2021-07-12 06:05:40.211	2021-07-22 17:59:39.625	203944	Julius Randle	julius-randle	6-8	250	30	F-C	1610612752
1629652	2021-07-12 06:05:40.649	2021-07-22 17:59:52.884	1629652	Luguentz Dort	luguentz-dort	6-3	215	5	G	1610612760
203914	2021-07-12 06:05:41.098	2021-07-22 18:00:16.091	203914	Gary Harris	gary-harris	6-4	210	14	G	1610612753
1629109	2021-07-12 06:05:41.548	2021-07-22 18:00:32.417	1629109	Gary Clark	gary-clark	6-6	225	12	F	1610612755
201588	2021-07-12 06:05:42.013	2021-07-22 18:00:38.008	201588	George Hill	george-hill	6-4	188	33	G	1610612755
204038	2021-07-12 06:05:42.464	2021-07-22 18:00:51.662	204038	Langston Galloway	langston-galloway	6-1	200	2	G	1610612756
203496	2021-07-12 06:05:42.924	2021-07-22 18:01:26.251	203496	Robert Covington	robert-covington	6-7	209	23	F	1610612757
201988	2021-07-12 06:05:43.362	2021-07-22 18:02:07.332	201988	Patty Mills	patty-mills	6-1	180	8	G	1610612759
1628384	2021-07-12 06:05:43.81	2021-07-22 18:02:24.243	1628384	OG Anunoby	og-anunoby	6-7	232	3	F	1610612761
1630216	2021-07-12 06:05:44.256	2021-07-22 18:02:59.718	1630216	Cassius Winston	cassius-winston	6-1	185	5	G	1610612764
1630166	2021-07-12 06:05:44.705	2021-07-22 18:03:01.081	1630166	Deni Avdija	deni-avdija	6-9	210	9	F	1610612764
201577	2021-07-12 06:05:45.159	2021-07-22 18:03:02.986	201577	Robin Lopez	robin-lopez	7-0	281	15	C	1610612764
1630264	2021-07-12 06:05:45.604	2021-07-22 18:03:03.752	1630264	Anthony Gill	anthony-gill	6-7	230	16	F	1610612764
203121	2021-07-12 06:05:46.052	2021-07-12 06:05:46.052	203121	Darius Miller	darius-miller	6-6	225	12	F	\N
1630168	2021-07-12 06:05:46.995	2021-07-22 17:53:42.851	1630168	Onyeka Okongwu	onyeka-okongwu	6-8	235	17	F-C	1610612737
1628381	2021-07-12 06:05:47.445	2021-07-22 17:53:44.621	1628381	John Collins	john-collins	6-9	235	20	F-C	1610612737
1629629	2021-07-12 06:05:47.927	2021-07-22 17:53:45.207	1629629	Cam Reddish	cam-reddish	6-8	218	22	F-G	1610612737
1629035	2021-07-12 06:05:48.449	2021-07-22 17:53:54.799	1629035	Carsen Edwards	carsen-edwards	5-11	200	4	G	1610612738
1630202	2021-07-12 06:05:48.929	2021-07-22 17:53:56.527	1630202	Payton Pritchard	payton-pritchard	6-1	195	11	G	1610612738
1630174	2021-07-12 06:05:49.411	2021-07-22 17:53:58.885	1630174	Aaron Nesmith	aaron-nesmith	6-5	215	26	G-F	1610612738
203935	2021-07-12 06:05:49.861	2021-07-22 17:53:59.476	203935	Marcus Smart	marcus-smart	6-3	220	36	G	1610612738
204020	2021-07-12 06:05:50.311	2021-07-22 17:54:19.339	204020	Tyler Johnson	tyler-johnson	6-3	186	10	G	1610612751
203925	2021-07-12 06:05:50.764	2021-07-22 17:54:20.532	203925	Joe Harris	joe-harris	6-6	220	12	G-F	1610612751
203915	2021-07-12 06:05:51.208	2021-07-22 17:54:22.897	203915	Spencer Dinwiddie	spencer-dinwiddie	6-5	215	26	G	1610612751
1629651	2021-07-12 06:05:51.66	2021-07-22 17:54:23.486	1629651	Nicolas Claxton	nicolas-claxton	6-11	215	33	F-C	1610612751
1630189	2021-07-12 06:05:52.173	2021-07-22 17:55:28.222	1630189	Tyler Bey	tyler-bey	6-7	215	2	F	1610612742
203924	2021-07-12 06:05:52.623	2021-07-22 17:56:03.588	203924	Jerami Grant	jerami-grant	6-8	210	9	F	1610612765
1626143	2021-07-12 06:05:53.064	2021-07-22 17:56:04.14	1626143	Jahlil Okafor	jahlil-okafor	6-10	270	13	C-F	1610612765
203585	2021-07-12 06:05:53.555	2021-07-22 17:56:04.914	203585	Rodney McGruder	rodney-mcgruder	6-4	205	17	G	1610612765
202709	2021-07-12 06:05:54.048	2021-07-22 17:56:05.494	202709	Cory Joseph	cory-joseph	6-3	200	18	G	1610612765
1628367	2021-07-12 06:05:54.499	2021-07-22 17:56:06.086	1628367	Josh Jackson	josh-jackson	6-8	207	20	G-F	1610612765
1627814	2021-07-12 06:05:54.949	2021-07-22 17:56:20.39	1627814	Damion Lee	damion-lee	6-5	210	1	G-F	1610612744
203145	2021-07-12 06:05:55.398	2021-07-22 17:56:27.348	203145	Kent Bazemore	kent-bazemore	6-4	195	26	G-F	1610612744
201939	2021-07-12 06:05:55.85	2021-07-22 17:56:27.938	201939	Stephen Curry	stephen-curry	6-3	185	30	G	1610612744
1628425	2021-07-12 06:05:56.299	2021-07-22 17:56:36.813	1628425	Sterling Brown	sterling-brown	6-5	219	0	G-F	1610612745
201571	2021-07-12 06:05:56.738	2021-07-22 17:56:44.7	201571	D.J. Augustin	dj-augustin	5-11	183	14	G	1610612745
1626167	2021-07-12 06:05:57.897	2021-07-22 17:57:01.07	1626167	Myles Turner	myles-turner	6-11	250	33	C-F	1610612754
202704	2021-07-12 06:05:58.347	2021-07-22 17:57:11.665	202704	Reggie Jackson	reggie-jackson	6-2	208	1	G	1610612746
202695	2021-07-12 06:05:58.797	2021-07-22 17:57:12.21	202695	Kawhi Leonard	kawhi-leonard	6-7	225	2	F	1610612746
200765	2021-07-12 06:05:59.25	2021-07-22 17:57:12.75	200765	Rajon Rondo	rajon-rondo	6-1	180	4	G	1610612746
1628379	2021-07-12 06:05:59.689	2021-07-22 17:57:13.522	1628379	Luke Kennard	luke-kennard	6-5	206	5	G	1610612746
202331	2021-07-12 06:06:00.134	2021-07-22 17:57:17.596	202331	Paul George	paul-george	6-8	220	13	F	1610612746
202335	2021-07-12 06:06:00.581	2021-07-22 17:57:21.035	202335	Patrick Patterson	patrick-patterson	6-8	235	54	F	1610612746
1627936	2021-07-12 06:06:01.031	2021-07-22 17:57:30.498	1627936	Alex Caruso	alex-caruso	6-4	186	4	G	1610612747
1629630	2021-07-12 06:06:01.478	2021-07-22 17:57:48.536	1629630	Ja Morant	ja-morant	6-3	174	12	G	1610612763
2772	2021-07-12 06:06:01.93	2021-07-22 17:58:12.643	2772	Trevor Ariza	trevor-ariza	6-8	215	8	F	1610612748
1629644	2021-07-12 06:06:02.38	2021-07-22 17:58:13.184	1629644	KZ Okpala	kz-okpala	6-8	215	11	F-G	1610612748
1628389	2021-07-12 06:06:04.132	2021-07-22 17:58:13.766	1628389	Bam Adebayo	bam-adebayo	6-9	255	13	C-F	1610612748
201572	2021-07-12 06:06:04.579	2021-07-22 17:58:30.33	201572	Brook Lopez	brook-lopez	7-0	282	11	C	1610612749
1628382	2021-07-12 06:06:05.037	2021-07-22 17:58:36.246	1628382	Justin Jackson	justin-jackson	6-8	220	44	F	1610612749
1626156	2021-07-12 06:06:05.482	2021-07-22 17:58:52.261	1626156	D'Angelo Russell	dangelo-russell	6-4	193	0	G	1610612750
1629020	2021-07-12 06:06:05.924	2021-07-22 17:58:55.631	1629020	Jarred Vanderbilt	jarred-vanderbilt	6-9	214	8	F	1610612750
1627742	2021-07-12 06:06:06.374	2021-07-22 17:59:20.066	1627742	Brandon Ingram	brandon-ingram	6-8	190	14	F	1610612740
203901	2021-07-12 06:06:06.822	2021-07-22 17:59:34.245	203901	Elfrid Payton	elfrid-payton	6-3	195	6	G	1610612752
201959	2021-07-12 06:06:07.271	2021-07-22 17:59:40.167	201959	Taj Gibson	taj-gibson	6-9	232	67	F	1610612752
1629660	2021-07-12 06:06:07.72	2021-07-22 17:59:58.19	1629660	Ty Jerome	ty-jerome	6-5	195	16	G-F	1610612760
203488	2021-07-12 06:06:08.172	2021-07-22 17:59:59.942	203488	Mike Muscala	mike-muscala	6-10	240	33	F-C	1610612760
1628964	2021-07-12 06:06:09.23	2021-07-22 18:00:13.037	1628964	Mo Bamba	mo-bamba	7-0	231	5	C	1610612753
1628365	2021-07-12 06:06:09.734	2021-07-22 18:00:17.811	1628365	Markelle Fultz	markelle-fultz	6-3	209	20	G	1610612753
203082	2021-07-12 06:06:10.186	2021-07-22 18:00:20.074	203082	Terrence Ross	terrence-ross	6-6	206	31	G-F	1610612753
1627788	2021-07-12 06:06:10.63	2021-07-22 18:00:36.889	1627788	Furkan Korkmaz	furkan-korkmaz	6-7	202	30	G-F	1610612755
1629028	2021-07-12 06:06:11.078	2021-07-22 18:00:56.828	1629028	Deandre Ayton	deandre-ayton	6-11	250	22	C	1610612756
1629661	2021-07-12 06:06:11.525	2021-07-22 18:00:57.371	1629661	Cameron Johnson	cameron-johnson	6-8	210	23	F	1610612756
203994	2021-07-12 06:06:11.975	2021-07-22 18:01:27.575	203994	Jusuf Nurkic	jusuf-nurkic	6-11	290	27	C	1610612757
1628368	2021-07-12 06:06:12.415	2021-07-22 18:01:43.796	1628368	De'Aaron Fox	deaaron-fox	6-3	185	5	G	1610612758
203090	2021-07-12 06:06:12.867	2021-07-22 18:01:44.925	203090	Maurice Harkless	maurice-harkless	6-7	220	8	F-G	1610612758
202355	2021-07-12 06:06:13.318	2021-07-22 18:01:47.974	202355	Hassan Whiteside	hassan-whiteside	7-0	265	20	C	1610612758
1626158	2021-07-12 06:06:13.767	2021-07-22 18:01:48.517	1626158	Richaun Holmes	richaun-holmes	6-10	235	22	F	1610612758
1629234	2021-07-12 06:06:14.214	2021-07-22 18:02:08.515	1629234	Drew Eubanks	drew-eubanks	6-9	245	14	F-C	1610612759
200752	2021-07-12 06:06:14.703	2021-07-22 18:02:10.204	200752	Rudy Gay	rudy-gay	6-8	250	22	F-G	1610612759
1629610	2021-07-12 06:06:15.156	2021-07-22 18:02:13.696	1629610	DaQuan Jeffries	daquan-jeffries	6-5	230	55	G-F	1610612759
1629139	2021-07-12 06:06:15.604	2021-07-22 18:02:26.468	1629139	Yuta Watanabe	yuta-watanabe	6-9	215	18	G-F	1610612761
1627832	2021-07-12 06:06:16.048	2021-07-22 18:02:27.013	1627832	Fred VanVleet	fred-vanvleet	6-1	197	23	G	1610612761
203920	2021-07-12 06:06:16.497	2021-07-22 18:02:27.556	203920	Khem Birch	khem-birch	6-9	233	24	C	1610612761
1627783	2021-07-12 06:06:16.944	2021-07-22 18:02:29.767	1627783	Pascal Siakam	pascal-siakam	6-9	230	43	F	1610612761
1629752	2021-07-12 06:06:17.396	2021-07-22 18:02:41.285	1629752	Juwan Morgan	juwan-morgan	6-7	232	16	F	1610612762
203497	2021-07-12 06:06:17.842	2021-07-22 18:02:43.507	203497	Rudy Gobert	rudy-gobert	7-1	258	27	C	1610612762
1629060	2021-07-12 06:06:18.287	2021-07-22 18:03:00.31	1629060	Rui Hachimura	rui-hachimura	6-8	230	8	F	1610612764
1629726	2021-07-12 06:06:18.737	2021-07-22 18:03:05.974	1629726	Garrison Mathews	garrison-mathews	6-5	215	24	G	1610612764
1629735	2021-07-12 06:06:19.186	2021-07-12 06:06:19.186	1629735	Chris Silva	chris-silva	6-8	234	30	F	\N
1628436	2021-07-12 06:06:19.676	2021-07-22 17:54:00.655	1628436	Luke Kornet	luke-kornet	7-2	250	40	F-C	1610612738
203095	2021-07-12 06:06:20.128	2021-07-22 17:54:03.694	203095	Evan Fournier	evan-fournier	6-7	205	94	G-F	1610612738
1629617	2021-07-12 06:06:20.577	2021-07-22 17:54:14.262	1629617	Reggie Perry	reggie-perry	6-8	250	0	F-C	1610612751
1630163	2021-07-12 06:06:21.029	2021-07-22 17:54:35.916	1630163	LaMelo Ball	lamelo-ball	6-6	180	2	G	1610612766
1630203	2021-07-12 06:06:21.477	2021-07-22 17:54:38.321	1630203	Grant Riller	grant-riller	6-2	190	7	G	1610612766
1630268	2021-07-12 06:06:21.929	2021-07-22 17:54:43.507	1630268	Nate Darling	nate-darling	6-6	200	30	G	1610612766
1629653	2021-07-12 06:06:22.381	2021-07-22 17:54:53.392	1629653	Devon Dotson	devon-dotson	6-2	185	3	G	1610612741
1626245	2021-07-12 06:06:22.825	2021-07-22 17:54:54.757	1626245	Cristiano Felicio	cristiano-felicio	6-11	270	6	F-C	1610612741
203897	2021-07-12 06:06:23.267	2021-07-22 17:54:55.929	203897	Zach LaVine	zach-lavine	6-5	200	8	G-F	1610612741
202066	2021-07-12 06:06:23.76	2021-07-22 17:54:57.704	202066	Garrett Temple	garrett-temple	6-5	195	17	G-F	1610612741
1628374	2021-07-12 06:06:24.215	2021-07-22 17:54:59.62	1628374	Lauri Markkanen	lauri-markkanen	7-0	240	24	F-C	1610612741
1630172	2021-07-12 06:06:24.667	2021-07-22 17:55:01.381	1630172	Patrick Williams	patrick-williams	6-7	215	44	F	1610612741
1627853	2021-07-12 06:06:25.16	2021-07-22 17:55:02.477	1627853	Ryan Arcidiacono	ryan-arcidiacono	6-3	195	51	G	1610612741
1630205	2021-07-12 06:06:25.602	2021-07-22 17:55:12.521	1630205	Lamar Stevens	lamar-stevens	6-6	230	8	F	1610612739
1629636	2021-07-12 06:06:26.052	2021-07-22 17:55:13.632	1629636	Darius Garland	darius-garland	6-1	192	10	G	1610612739
1627752	2021-07-12 06:06:26.502	2021-07-22 17:55:14.176	1627752	Taurean Prince	taurean-prince	6-7	218	12	F	1610612739
1629740	2021-07-12 06:06:26.95	2021-07-22 17:55:35.31	1629740	Nicolo Melli	nicolo-melli	6-9	236	44	F	1610612742
1629008	2021-07-12 06:06:27.405	2021-07-22 17:55:45.25	1629008	Michael Porter Jr.	michael-porter-jr	6-10	218	1	F	1610612743
200794	2021-07-12 06:06:27.846	2021-07-22 17:55:46.616	200794	Paul Millsap	paul-millsap	6-7	257	4	F	1610612743
203932	2021-07-12 06:06:28.293	2021-07-22 17:55:53.641	203932	Aaron Gordon	aaron-gordon	6-8	235	50	F	1610612743
203957	2021-07-12 06:06:28.737	2021-07-22 17:56:40.246	203957	Dante Exum	dante-exum	6-5	214	5	G	1610612745
1628410	2021-07-12 06:06:29.185	2021-07-22 17:56:54.745	1628410	Edmond Sumner	edmond-sumner	6-4	196	5	G	1610612754
203087	2021-07-12 06:06:29.918	2021-07-22 17:57:00.482	203087	Jeremy Lamb	jeremy-lamb	6-5	180	26	G-F	1610612754
2544	2021-07-12 06:06:30.37	2021-07-22 17:57:31.64	2544	LeBron James	lebron-james	6-9	250	6	F	1610612747
1629001	2021-07-12 06:06:30.818	2021-07-22 17:57:44.305	1629001	De'Anthony Melton	deanthony-melton	6-2	200	0	G	1610612763
203937	2021-07-12 06:06:31.269	2021-07-22 17:57:44.893	203937	Kyle Anderson	kyle-anderson	6-9	230	1	F-G	1610612763
1628960	2021-07-12 06:06:31.72	2021-07-22 17:57:46.217	1628960	Grayson Allen	grayson-allen	6-4	198	3	G	1610612763
1628991	2021-07-12 06:06:32.172	2021-07-22 17:57:49.081	1628991	Jaren Jackson Jr.	jaren-jackson-jr	6-11	242	13	F-C	1610612763
1629216	2021-07-12 06:06:32.623	2021-07-22 17:58:10.203	1629216	Gabe Vincent	gabe-vincent	6-3	200	2	G	1610612748
202710	2021-07-12 06:06:33.077	2021-07-22 17:58:15.548	202710	Jimmy Butler	jimmy-butler	6-7	230	22	F	1610612748
203114	2021-07-12 06:06:33.525	2021-07-22 17:58:33.151	203114	Khris Middleton	khris-middleton	6-7	222	22	F	1610612749
201937	2021-07-12 06:06:33.978	2021-07-22 17:58:56.172	201937	Ricky Rubio	ricky-rubio	6-3	190	9	G	1610612750
1627823	2021-07-12 06:06:34.426	2021-07-22 17:59:00.239	1627823	Juancho Hernangomez	juancho-hernangomez	6-9	214	41	F	1610612750
1629627	2021-07-12 06:06:34.874	2021-07-22 17:59:13.773	1629627	Zion Williamson	zion-williamson	6-7	284	1	F	1610612740
1629637	2021-07-12 06:06:35.33	2021-07-22 17:59:18.348	1629637	Jaxson Hayes	jaxson-hayes	6-11	220	10	C-F	1610612740
203500	2021-07-12 06:06:35.786	2021-07-22 17:59:18.937	203500	Steven Adams	steven-adams	6-11	265	12	C	1610612740
203457	2021-07-12 06:06:36.241	2021-07-22 17:59:32.529	203457	Nerlens Noel	nerlens-noel	6-11	220	3	C-F	1610612752
1629628	2021-07-12 06:06:36.694	2021-07-22 17:59:34.794	1629628	RJ Barrett	rj-barrett	6-6	214	9	F-G	1610612752
202699	2021-07-12 06:06:37.149	2021-07-22 18:00:33.193	202699	Tobias Harris	tobias-harris	6-8	226	12	F	1610612755
1629003	2021-07-12 06:06:37.6	2021-07-22 18:00:34.644	1629003	Shake Milton	shake-milton	6-5	205	18	G-F	1610612755
203954	2021-07-12 06:06:38.046	2021-07-22 18:00:35.236	203954	Joel Embiid	joel-embiid	7-0	280	21	C-F	1610612755
2730	2021-07-12 06:06:38.5	2021-07-22 18:00:38.598	2730	Dwight Howard	dwight-howard	6-10	265	39	C-F	1610612755
1626163	2021-07-12 06:06:38.996	2021-07-22 18:00:53.375	1626163	Frank Kaminsky	frank-kaminsky	7-0	240	8	F-C	1610612756
1627846	2021-07-12 06:06:39.45	2021-07-22 18:00:54.541	1627846	Abdel Nader	abdel-nader	6-5	225	11	F	1610612756
1626166	2021-07-12 06:06:40.141	2021-07-22 18:00:55.717	1626166	Cameron Payne	cameron-payne	6-1	183	15	G	1610612756
203967	2021-07-12 06:06:40.635	2021-07-22 18:00:56.302	203967	Dario Saric	dario-saric	6-10	225	20	F-C	1610612756
202734	2021-07-12 06:06:41.086	2021-07-22 18:00:58.544	202734	E'Twaun Moore	etwaun-moore	6-3	191	55	G	1610612756
203109	2021-07-12 06:06:41.535	2021-07-22 18:00:59.087	203109	Jae Crowder	jae-crowder	6-6	235	99	F	1610612756
203081	2021-07-12 06:06:41.984	2021-07-22 18:01:19.139	203081	Damian Lillard	damian-lillard	6-2	195	0	G	1610612757
203468	2021-07-12 06:06:42.435	2021-07-22 18:01:21.491	203468	CJ McCollum	cj-mccollum	6-3	190	3	G	1610612757
1628385	2021-07-12 06:06:42.879	2021-07-22 18:01:22.076	1628385	Harry Giles III	harry-giles-iii	6-11	240	4	F-C	1610612757
1628380	2021-07-12 06:06:43.334	2021-07-22 18:01:28.17	1628380	Zach Collins	zach-collins	6-11	250	33	F-C	1610612757
1629657	2021-07-12 06:06:43.78	2021-07-22 18:01:44.337	1629657	Kyle Guy	kyle-guy	6-1	167	7	G	1610612758
1627741	2021-07-12 06:06:44.224	2021-07-22 18:01:49.878	1627741	Buddy Hield	buddy-hield	6-4	220	24	G	1610612758
1626153	2021-07-12 06:06:44.673	2021-07-22 18:01:52.107	1626153	Delon Wright	delon-wright	6-5	185	55	G	1610612758
1628401	2021-07-12 06:06:45.123	2021-07-22 18:02:05.425	1628401	Derrick White	derrick-white	6-4	190	4	G	1610612759
1629683	2021-07-12 06:06:45.846	2021-07-22 18:02:09.107	1629683	Quinndary Weatherspoon	quinndary-weatherspoon	6-3	205	15	G	1610612759
1628966	2021-07-12 06:06:46.294	2021-07-22 18:02:11.875	1628966	Keita Bates-Diop	keita-bates-diop	6-8	229	31	F	1610612759
1626168	2021-07-12 06:06:46.749	2021-07-22 18:02:13.148	1626168	Trey Lyles	trey-lyles	6-9	234	41	F	1610612759
1626169	2021-07-12 06:06:47.203	2021-07-22 18:02:24.785	1626169	Stanley Johnson	stanley-johnson	6-6	242	5	F-G	1610612761
203918	2021-07-12 06:06:47.654	2021-07-22 18:02:28.675	203918	Rodney Hood	rodney-hood	6-8	208	32	G-F	1610612761
1629018	2021-07-12 06:06:48.096	2021-07-22 18:02:29.223	1629018	Gary Trent Jr.	gary-trent-jr	6-5	209	33	G-F	1610612761
1628378	2021-07-12 06:06:48.554	2021-07-22 18:02:45.775	1628378	Donovan Mitchell	donovan-mitchell	6-1	215	45	G	1610612762
1629671	2021-07-12 06:06:49.005	2021-07-22 18:02:46.899	1629671	Miye Oni	miye-oni	6-5	206	81	G-F	1610612762
203526	2021-07-12 06:06:49.454	2021-07-22 18:03:04.84	203526	Raul Neto	raul-neto	6-1	180	19	G	1610612764
204222	2021-07-12 06:06:49.906	2021-07-12 06:06:49.906	204222	Greg Whittington	greg-whittington	6-8	210	3	F	\N
1627775	2021-07-12 06:06:50.909	2021-07-12 06:06:50.909	1627775	Patrick McCaw	patrick-mccaw	6-7	181	22	G	\N
1627737	2021-07-12 06:06:51.404	2021-07-12 06:06:51.404	1627737	Marquese Chriss	marquese-chriss	6-9	240	32	F	\N
1629738	2021-07-12 06:06:51.894	2021-07-12 06:06:51.894	1629738	Vincent Poirier	vincent-poirier	7-0	235	17	C-F	\N
200746	2021-07-12 06:06:52.397	2021-07-12 06:06:52.397	200746	LaMarcus Aldridge	lamarcus-aldridge	6-11	250	12	C-F	\N
1628989	2021-07-12 06:06:52.888	2021-07-22 17:53:37.803	1628989	Kevin Huerter	kevin-huerter	6-7	190	3	G-F	1610612737
1630219	2021-07-12 06:06:53.339	2021-07-22 17:53:38.568	1630219	Skylar Mays	skylar-mays	6-4	205	4	G	1610612737
101150	2021-07-12 06:06:53.789	2021-07-22 17:53:39.152	101150	Lou Williams	lou-williams	6-1	175	6	G	1610612737
203503	2021-07-12 06:06:54.288	2021-07-22 17:53:44.036	203503	Tony Snell	tony-snell	6-6	213	19	G	1610612737
1628981	2021-07-12 06:06:54.728	2021-07-22 17:53:45.795	1628981	Bruno Fernando	bruno-fernando	6-9	240	24	F-C	1610612737
1628369	2021-07-12 06:06:55.181	2021-07-22 17:53:54.212	1628369	Jayson Tatum	jayson-tatum	6-8	210	0	F-G	1610612738
1628971	2021-07-12 06:06:56.122	2021-07-22 17:54:14.844	1628971	Bruce Brown	bruce-brown	6-4	202	1	G-F	1610612751
201145	2021-07-12 06:06:56.572	2021-07-22 17:54:17.981	201145	Jeff Green	jeff-green	6-8	235	8	F	1610612751
1628997	2021-07-12 06:06:57.02	2021-07-22 17:54:40.045	1628997	Caleb Martin	caleb-martin	6-5	205	10	F	1610612766
1630176	2021-07-12 06:06:57.473	2021-07-22 17:54:42.412	1630176	Vernon Carey Jr.	vernon-carey-jr	6-9	270	22	F-C	1610612766
202329	2021-07-12 06:06:57.925	2021-07-22 17:54:53.978	202329	Al-Farouq Aminu	al-farouq-aminu	6-8	220	5	F	1610612741
1629690	2021-07-12 06:06:58.371	2021-07-22 17:54:58.251	1629690	Adam Mokoka	adam-mokoka	6-4	190	20	G	1610612741
201567	2021-07-12 06:06:58.824	2021-07-22 17:55:10.779	201567	Kevin Love	kevin-love	6-8	251	0	F-C	1610612739
1629012	2021-07-12 06:06:59.274	2021-07-22 17:55:11.359	1629012	Collin Sexton	collin-sexton	6-1	190	2	G	1610612739
1628386	2021-07-12 06:06:59.727	2021-07-22 17:55:17.854	1628386	Jarrett Allen	jarrett-allen	6-11	243	31	C	1610612739
1630271	2021-07-12 06:07:00.178	2021-07-22 17:55:19.083	1630271	Brodric Thomas	brodric-thomas	6-5	185	33	G	1610612739
1630171	2021-07-12 06:07:00.727	2021-07-22 17:55:19.674	1630171	Isaac Okoro	isaac-okoro	6-5	225	35	F-G	1610612739
1628392	2021-07-12 06:07:01.185	2021-07-22 17:55:20.268	1628392	Isaiah Hartenstein	isaiah-hartenstein	7-0	250	55	C-F	1610612739
1630179	2021-07-12 06:07:01.639	2021-07-22 17:55:27.628	1630179	Tyrell Terry	tyrell-terry	6-2	160	1	G	1610612742
201961	2021-07-12 06:07:02.094	2021-07-22 17:56:02.861	201961	Wayne Ellington	wayne-ellington	6-4	207	8	G	1610612765
1629673	2021-07-12 06:07:02.551	2021-07-22 17:56:21.568	1629673	Jordan Poole	jordan-poole	6-4	194	3	G	1610612744
202691	2021-07-12 06:07:03.004	2021-07-22 17:56:24.42	202691	Klay Thompson	klay-thompson	6-6	215	11	G	1610612744
1628391	2021-07-12 06:07:03.446	2021-07-22 17:56:37.401	1628391	D.J. Wilson	dj-wilson	6-10	231	00	F	1610612745
1628021	2021-07-12 06:07:03.892	2021-07-22 17:56:38.53	1628021	David Nwaba	david-nwaba	6-5	219	2	G-F	1610612745
201569	2021-07-12 06:07:04.345	2021-07-22 17:56:43.569	201569	Eric Gordon	eric-gordon	6-3	215	10	G	1610612745
1627734	2021-07-12 06:07:04.803	2021-07-22 17:56:57.011	1627734	Domantas Sabonis	domantas-sabonis	6-11	240	11	F-C	1610612754
203960	2021-07-12 06:07:05.248	2021-07-22 17:56:58.111	203960	JaKarr Sampson	jakarr-sampson	6-7	214	14	F	1610612754
203926	2021-07-12 06:07:05.697	2021-07-22 17:56:58.747	203926	Doug McDermott	doug-mcdermott	6-7	225	20	F	1610612754
1629103	2021-07-12 06:07:06.338	2021-07-22 17:56:59.34	1629103	Kelan Martin	kelan-martin	6-5	230	21	F	1610612754
1629611	2021-07-12 06:07:06.787	2021-07-22 17:57:18.19	1629611	Terance Mann	terance-mann	6-5	215	14	G-F	1610612746
1627826	2021-07-12 06:07:07.236	2021-07-22 17:57:20.439	1627826	Ivica Zubac	ivica-zubac	7-0	240	40	C	1610612746
203076	2021-07-12 06:07:07.687	2021-07-22 17:57:29.917	203076	Anthony Davis	anthony-davis	6-10	253	3	F-C	1610612747
203463	2021-07-12 06:07:08.134	2021-07-22 17:57:32.179	203463	Ben McLemore	ben-mclemore	6-3	195	7	G	1610612747
1629007	2021-07-12 06:07:08.583	2021-07-22 17:57:46.76	1629007	Jontay Porter	jontay-porter	6-11	240	4	C-F	1610612763
203506	2021-07-12 06:07:09.03	2021-07-22 17:58:10.977	203506	Victor Oladipo	victor-oladipo	6-4	213	4	G	1610612748
2617	2021-07-12 06:07:09.528	2021-07-22 17:58:17.766	2617	Udonis Haslem	udonis-haslem	6-8	235	40	F	1610612748
201952	2021-07-12 06:07:09.983	2021-07-22 17:58:28.445	201952	Jeff Teague	jeff-teague	6-3	195	5	G	1610612749
1627736	2021-07-12 06:07:10.432	2021-07-22 17:58:54.542	1627736	Malik Beasley	malik-beasley	6-4	187	5	G	1610612750
202334	2021-07-12 06:07:11.166	2021-07-22 17:58:57.793	202334	Ed Davis	ed-davis	6-9	218	17	C-F	1610612750
1629006	2021-07-12 06:07:11.663	2021-07-22 17:58:58.384	1629006	Josh Okogie	josh-okogie	6-4	213	20	G	1610612750
1629117	2021-07-12 06:07:12.119	2021-07-22 17:59:21.832	1629117	Wenyen Gabriel	wenyen-gabriel	6-9	205	32	F	1610612740
1628995	2021-07-12 06:07:12.567	2021-07-22 17:59:37.237	1628995	Kevin Knox II	kevin-knox-ii	6-7	215	20	F	1610612752
1629647	2021-07-12 06:07:13.024	2021-07-22 17:59:54.014	1629647	Darius Bazley	darius-bazley	6-8	208	7	F-G	1610612760
1628396	2021-07-12 06:07:13.473	2021-07-22 17:59:56.332	1628396	Tony Bradley	tony-bradley	6-10	248	13	C-F	1610612760
1629026	2021-07-12 06:07:13.921	2021-07-22 18:00:00.531	1629026	Kenrich Williams	kenrich-williams	6-6	210	34	G-F	1610612760
203118	2021-07-12 06:07:14.381	2021-07-22 18:00:30.515	203118	Mike Scott	mike-scott	6-7	237	1	F	1610612755
201980	2021-07-12 06:07:14.826	2021-07-22 18:00:33.909	201980	Danny Green	danny-green	6-6	215	14	G	1610612755
1629680	2021-07-12 06:07:15.275	2021-07-22 18:00:35.783	1629680	Matisse Thybulle	matisse-thybulle	6-5	201	22	G-F	1610612755
1627732	2021-07-12 06:07:15.731	2021-07-22 18:00:36.341	1627732	Ben Simmons	ben-simmons	6-11	240	25	G-F	1610612755
203552	2021-07-12 06:07:16.173	2021-07-22 18:00:37.429	203552	Seth Curry	seth-curry	6-2	185	31	G	1610612755
1626164	2021-07-12 06:07:16.627	2021-07-22 18:00:51.075	1626164	Devin Booker	devin-booker	6-5	206	1	G	1610612756
101108	2021-07-12 06:07:17.076	2021-07-22 18:00:52.247	101108	Chris Paul	chris-paul	6-0	175	3	G	1610612756
1629713	2021-07-12 06:07:17.526	2021-07-22 18:01:46.242	1629713	Justin James	justin-james	6-7	190	10	G-F	1610612758
1629640	2021-07-12 06:07:17.973	2021-07-22 18:02:04.839	1629640	Keldon Johnson	keldon-johnson	6-5	220	3	F-G	1610612759
1627749	2021-07-12 06:07:18.422	2021-07-22 18:02:06.013	1627749	Dejounte Murray	dejounte-murray	6-4	180	5	G	1610612759
1629677	2021-07-12 06:07:18.875	2021-07-22 18:02:09.658	1629677	Luka Samanic	luka-samanic	6-10	227	19	F	1610612759
1628778	2021-07-12 06:07:19.328	2021-07-22 18:02:23.648	1628778	Paul Watson	paul-watson	6-6	210	1	G	1610612761
200768	2021-07-12 06:07:19.779	2021-07-22 18:02:25.332	200768	Kyle Lowry	kyle-lowry	6-0	196	7	G	1610612761
203382	2021-07-12 06:07:20.233	2021-07-22 18:02:30.539	203382	Aron Baynes	aron-baynes	6-10	260	46	C-F	1610612761
203903	2021-07-12 06:07:20.686	2021-07-22 18:02:37.873	203903	Jordan Clarkson	jordan-clarkson	6-4	194	00	G	1610612762
1629744	2021-07-12 06:07:21.428	2021-07-22 18:02:42.374	1629744	Matt Thomas	matt-thomas	6-4	190	21	G	1610612762
1630266	2021-07-12 06:07:21.881	2021-07-12 06:07:21.881	1630266	Will Magnay	will-magnay	6-10	234	25	C	\N
1630222	2021-07-12 06:07:22.378	2021-07-12 06:07:22.378	1630222	Mason Jones	mason-jones	6-4	200	9	G	\N
1629244	2021-07-12 06:07:22.88	2021-07-12 06:07:22.88	1629244	Cameron Reynolds	cameron-reynolds	6-7	225	23	F	\N
1629010	2021-07-12 06:07:23.373	2021-07-12 06:07:23.373	1629010	Jerome Robinson	jerome-robinson	6-4	190	12	G	\N
1629027	2021-07-12 06:07:23.871	2021-07-22 17:53:40.338	1629027	Trae Young	trae-young	6-1	180	11	G	1610612737
1627739	2021-07-12 06:07:24.322	2021-07-22 17:53:46.381	1627739	Kris Dunn	kris-dunn	6-3	205	32	G	1610612737
1629650	2021-07-12 06:07:24.818	2021-07-22 17:53:55.937	1629650	Moses Brown	moses-brown	7-2	245	9	C	1610612738
201143	2021-07-12 06:07:25.271	2021-07-22 17:54:01.238	201143	Al Horford	al-horford	6-9	240	42	C-F	1610612738
1629185	2021-07-12 06:07:25.725	2021-07-22 17:54:16.211	1629185	Chris Chiozza	chris-chiozza	5-11	175	4	G	1610612751
201599	2021-07-12 06:07:26.174	2021-07-22 17:54:16.798	201599	DeAndre Jordan	deandre-jordan	6-11	265	6	C	1610612751
1628455	2021-07-12 06:07:26.889	2021-07-22 17:54:24.069	1628455	Mike James	mike-james	6-1	175	55	G	1610612751
1630208	2021-07-12 06:07:27.39	2021-07-22 17:54:41.229	1630208	Nick Richards	nick-richards	7-0	245	14	C	1610612766
203504	2021-07-12 06:07:27.842	2021-07-22 17:55:28.805	203504	Trey Burke	trey-burke	6-0	185	3	G	1610612742
1630182	2021-07-12 06:07:28.291	2021-07-22 17:55:30.741	1630182	Josh Green	josh-green	6-5	200	8	G	1610612742
1627827	2021-07-12 06:07:28.741	2021-07-22 17:55:31.287	1627827	Dorian Finney-Smith	dorian-finney-smith	6-7	220	10	F	1610612742
203501	2021-07-12 06:07:29.194	2021-07-22 17:55:31.835	203501	Tim Hardaway Jr.	tim-hardaway-jr	6-5	205	11	G-F	1610612742
1630207	2021-07-12 06:07:29.658	2021-07-22 17:55:33.001	1630207	Nate Hinton	nate-hinton	6-5	210	14	G-F	1610612742
1628467	2021-07-12 06:07:30.108	2021-07-22 17:55:34.716	1628467	Maxi Kleber	maxi-kleber	6-10	240	42	F	1610612742
1630267	2021-07-12 06:07:30.561	2021-07-22 17:55:47.747	1630267	Facundo Campazzo	facundo-campazzo	5-10	195	7	G	1610612743
203999	2021-07-12 06:07:31.008	2021-07-22 17:55:49.41	203999	Nikola Jokic	nikola-jokic	6-11	284	15	C	1610612743
1630192	2021-07-12 06:07:31.889	2021-07-22 17:55:50	1630192	Zeke Nnaji	zeke-nnaji	6-9	240	22	F-C	1610612743
1630165	2021-07-12 06:07:32.339	2021-07-22 17:56:02.271	1630165	Killian Hayes	killian-hayes	6-5	195	7	G	1610612765
1630191	2021-07-12 06:07:32.791	2021-07-22 17:56:07.807	1630191	Isaiah Stewart	isaiah-stewart	6-8	250	28	F-C	1610612765
1630240	2021-07-12 06:07:33.245	2021-07-22 17:56:08.392	1630240	Saben Lee	saben-lee	6-2	183	38	G	1610612765
1630180	2021-07-12 06:07:33.7	2021-07-22 17:56:09.968	1630180	Saddiq Bey	saddiq-bey	6-7	215	41	F	1610612765
1629635	2021-07-12 06:07:34.15	2021-07-22 17:56:11.902	1629635	Sekou Doumbouya	sekou-doumbouya	6-8	230	45	F	1610612765
1629686	2021-07-12 06:07:34.602	2021-07-22 17:56:13.015	1629686	Deividas Sirvydis	deividas-sirvydis	6-8	190	91	F-G	1610612765
1630185	2021-07-12 06:07:35.049	2021-07-22 17:56:20.98	1630185	Nico Mannion	nico-mannion	6-2	190	2	G	1610612744
1630164	2021-07-12 06:07:35.5	2021-07-22 17:56:28.561	1630164	James Wiseman	james-wiseman	7-0	240	33	C	1610612744
202322	2021-07-12 06:07:35.953	2021-07-22 17:56:37.943	202322	John Wall	john-wall	6-3	210	1	G	1610612745
1627863	2021-07-12 06:07:36.414	2021-07-22 17:56:39.657	1627863	Danuel House Jr.	danuel-house-jr	6-6	220	4	F-G	1610612745
1630231	2021-07-12 06:07:36.859	2021-07-22 17:56:40.835	1630231	Kenyon Martin Jr.	kenyon-martin-jr	6-6	215	6	F	1610612745
1630256	2021-07-12 06:07:37.318	2021-07-22 17:56:42.21	1630256	Jae'Sean Tate	jaesean-tate	6-4	230	8	F	1610612745
1630237	2021-07-12 06:07:37.768	2021-07-22 17:56:45.294	1630237	Anthony Lamb	anthony-lamb	6-6	227	33	F	1610612745
1630199	2021-07-12 06:07:38.217	2021-07-22 17:56:53.614	1630199	Cassius Stanley	cassius-stanley	6-5	190	2	G	1610612754
203200	2021-07-12 06:07:38.669	2021-07-22 17:56:55.873	203200	Justin Holiday	justin-holiday	6-6	180	8	F-G	1610612754
1627747	2021-07-12 06:07:39.118	2021-07-22 17:56:59.934	1627747	Caris LeVert	caris-levert	6-6	205	22	G	1610612754
1630206	2021-07-12 06:07:39.572	2021-07-22 17:57:11.081	1630206	Jay Scrubb	jay-scrubb	6-5	220	0	G	1610612746
201586	2021-07-12 06:07:40.065	2021-07-22 17:57:15.673	201586	Serge Ibaka	serge-ibaka	6-10	235	9	F	1610612746
1630187	2021-07-12 06:07:40.516	2021-07-22 17:57:16.266	1630187	Daniel Oturu	daniel-oturu	6-8	240	10	C	1610612746
1628398	2021-07-12 06:07:40.969	2021-07-22 17:57:28.171	1628398	Kyle Kuzma	kyle-kuzma	6-10	221	0	F	1610612747
201188	2021-07-12 06:07:41.415	2021-07-22 17:57:34.439	201188	Marc Gasol	marc-gasol	6-11	255	14	C	1610612747
1626149	2021-07-12 06:07:42.096	2021-07-22 17:57:35.022	1626149	Montrezl Harrell	montrezl-harrell	6-7	240	15	F-C	1610612747
202693	2021-07-12 06:07:42.591	2021-07-22 17:57:37.331	202693	Markieff Morris	markieff-morris	6-9	245	88	F	1610612747
1630214	2021-07-12 06:07:43.041	2021-07-22 17:57:45.438	1630214	Xavier Tillman	xavier-tillman	6-8	245	2	F	1610612763
1626145	2021-07-12 06:07:43.487	2021-07-22 17:57:50.81	1626145	Tyus Jones	tyus-jones	6-0	196	21	G	1610612763
1628415	2021-07-12 06:07:43.935	2021-07-22 17:57:51.961	1628415	Dillon Brooks	dillon-brooks	6-7	225	24	G-F	1610612763
201609	2021-07-12 06:07:44.387	2021-07-22 17:58:12.055	201609	Goran Dragic	goran-dragic	6-3	190	7	G	1610612748
1627774	2021-07-12 06:07:44.833	2021-07-22 17:58:56.711	1627774	Jake Layman	jake-layman	6-8	209	10	F	1610612750
1629633	2021-07-12 06:07:45.288	2021-07-22 17:58:58.964	1629633	Jarrett Culver	jarrett-culver	6-6	195	23	G-F	1610612750
1628411	2021-07-12 06:07:45.741	2021-07-22 17:59:15.533	1628411	Wes Iwundu	wes-iwundu	6-6	195	4	F	1610612740
1629021	2021-07-12 06:07:46.184	2021-07-22 18:00:18.354	1629021	Moritz Wagner	moritz-wagner	6-11	245	21	F-C	1610612753
1629014	2021-07-12 06:07:46.623	2021-07-22 18:01:20.313	1629014	Anfernee Simons	anfernee-simons	6-3	181	1	G	1610612757
1628963	2021-07-12 06:07:47.078	2021-07-22 18:01:51.017	1628963	Marvin Bagley III	marvin-bagley-iii	6-11	235	35	F	1610612758
203084	2021-07-12 06:07:47.525	2021-07-22 18:01:51.562	203084	Harrison Barnes	harrison-barnes	6-8	225	40	F	1610612758
201942	2021-07-12 06:07:47.98	2021-07-22 18:02:07.922	201942	DeMar DeRozan	demar-derozan	6-6	220	10	G-F	1610612759
1627751	2021-07-12 06:07:48.431	2021-07-22 18:02:11.332	1627751	Jakob Poeltl	jakob-poeltl	7-1	245	25	C	1610612759
204060	2021-07-12 06:07:48.883	2021-07-22 18:02:38.507	204060	Joe Ingles	joe-ingles	6-8	220	2	F-G	1610612762
201144	2021-07-12 06:07:49.334	2021-07-22 18:02:40.192	201144	Mike Conley	mike-conley	6-1	175	10	G	1610612762
1626220	2021-07-12 06:07:49.785	2021-07-22 18:02:42.922	1626220	Royce O'Neale	royce-oneale	6-4	226	23	F	1610612762
1627777	2021-07-12 06:07:50.235	2021-07-22 18:02:44.049	1627777	Georges Niang	georges-niang	6-7	230	31	F	1610612762
202711	2021-07-12 06:07:50.687	2021-07-22 18:02:45.184	202711	Bojan Bogdanovic	bojan-bogdanovic	6-7	226	44	F	1610612762
203078	2021-07-12 06:07:51.149	2021-07-22 18:02:58.593	203078	Bradley Beal	bradley-beal	6-3	207	3	G	1610612764
202397	2021-07-12 06:07:51.604	2021-07-22 18:03:02.388	202397	Ish Smith	ish-smith	6-0	175	14	G	1610612764
1629067	2021-07-12 06:07:52.061	2021-07-22 18:03:04.295	1629067	Isaac Bonga	isaac-bonga	6-8	180	17	G	1610612764
203458	2021-07-12 06:07:52.513	2021-07-22 18:03:06.566	203458	Alex Len	alex-len	7-0	250	27	C	1610612764
202722	2021-07-12 06:07:52.965	2021-07-22 18:03:07.158	202722	Davis Bertans	davis-bertans	6-10	225	42	F	1610612764
1629725	2021-07-12 06:07:53.411	2021-07-22 17:55:11.936	1629725	Jeremiah Martin	jeremiah-martin	6-2	185	3	G	1610612739
1626204	2021-07-12 06:07:53.86	2021-07-22 17:55:16.67	1626204	Larry Nance Jr.	larry-nance-jr	6-7	245	22	F-C	1610612739
1626246	2021-07-12 06:07:54.308	2021-07-22 17:55:35.897	1626246	Boban Marjanovic	boban-marjanovic	7-4	290	51	C	1610612742
1627885	2021-07-12 06:07:54.762	2021-07-22 17:55:45.842	1627885	Shaquille Harrison	shaquille-harrison	6-7	190	3	G	1610612743
1627780	2021-07-12 06:07:55.261	2021-07-22 17:56:19.617	1627780	Gary Payton II	gary-payton-ii	6-3	195	0	G	1610612744
1626172	2021-07-12 06:07:55.718	2021-07-22 17:56:22.114	1626172	Kevon Looney	kevon-looney	6-9	222	5	F	1610612744
1628395	2021-07-12 06:07:56.173	2021-07-22 17:56:23.829	1628395	Jordan Bell	jordan-bell	6-8	216	7	F	1610612744
1626162	2021-07-12 06:07:56.622	2021-07-22 17:56:25.032	1626162	Kelly Oubre Jr.	kelly-oubre-jr	6-7	203	12	F-G	1610612744
1629308	2021-07-12 06:07:57.648	2021-07-22 17:56:29.149	1629308	Juan Toscano-Anderson	juan-toscano-anderson	6-6	209	95	F	1610612744
1629717	2021-07-12 06:07:58.14	2021-07-22 17:56:41.612	1629717	Armoni Brooks	armoni-brooks	6-3	195	7	G	1610612745
1629017	2021-07-12 06:07:58.586	2021-07-22 17:56:44.117	1629017	Khyri Thomas	khyri-thomas	6-3	210	13	G	1610612745
1629052	2021-07-12 06:07:59.034	2021-07-22 17:56:57.555	1629052	Oshae Brissett	oshae-brissett	6-7	210	12	F-G	1610612754
1628578	2021-07-12 06:07:59.479	2021-07-22 17:57:01.659	1628578	Amida Brimah	amida-brimah	6-10	230	37	C	1610612754
202326	2021-07-12 06:07:59.924	2021-07-22 17:57:18.77	202326	DeMarcus Cousins	demarcus-cousins	6-10	270	15	C	1610612746
203471	2021-07-12 06:08:00.379	2021-07-22 17:57:35.564	203471	Dennis Schroder	dennis-schroder	6-3	172	17	G	1610612747
1628961	2021-07-12 06:08:00.827	2021-07-22 17:57:36.747	1628961	Kostas Antetokounmpo	kostas-antetokounmpo	6-10	200	37	F	1610612747
204025	2021-07-12 06:08:01.272	2021-07-22 17:57:47.94	204025	Tim Frazier	tim-frazier	6-0	170	10	G	1610612763
202685	2021-07-12 06:08:01.712	2021-07-22 17:57:50.264	202685	Jonas Valanciunas	jonas-valanciunas	6-11	265	17	C	1610612763
1630217	2021-07-12 06:08:02.249	2021-07-22 17:57:51.356	1630217	Desmond Bane	desmond-bane	6-5	215	22	G	1610612763
1630253	2021-07-12 06:08:02.696	2021-07-22 17:57:52.505	1630253	Sean McDermott	sean-mcdermott	6-6	195	30	F	1610612763
1629681	2021-07-12 06:08:03.141	2021-07-22 17:57:53.043	1629681	Killian Tillie	killian-tillie	6-9	220	35	F-C	1610612763
1630173	2021-07-12 06:08:03.59	2021-07-22 17:58:11.511	1630173	Precious Achiuwa	precious-achiuwa	6-8	225	5	F	1610612748
203473	2021-07-12 06:08:04.038	2021-07-22 17:58:14.951	203473	Dewayne Dedmon	dewayne-dedmon	7-0	245	21	C	1610612748
1629622	2021-07-12 06:08:04.488	2021-07-22 17:58:17.223	1629622	Max Strus	max-strus	6-5	215	31	G-F	1610612748
202357	2021-07-12 06:08:04.933	2021-07-22 17:58:18.891	202357	Nemanja Bjelica	nemanja-bjelica	6-10	234	70	F	1610612748
1630209	2021-07-12 06:08:05.388	2021-07-22 17:58:19.473	1630209	Omer Yurtseven	omer-yurtseven	7-0	275	77	C	1610612748
1629091	2021-07-12 06:08:05.842	2021-07-22 17:58:27.856	1629091	Elijah Bryant	elijah-bryant	6-5	210	3	G	1610612749
1627854	2021-07-12 06:08:06.295	2021-07-22 17:58:29.041	1627854	Bryn Forbes	bryn-forbes	6-2	205	7	G	1610612749
1629670	2021-07-12 06:08:06.742	2021-07-22 17:58:30.876	1629670	Jordan Nwora	jordan-nwora	6-8	225	13	F	1610612749
1630241	2021-07-12 06:08:07.306	2021-07-22 17:58:31.47	1630241	Sam Merrill	sam-merrill	6-4	205	15	G	1610612749
201950	2021-07-12 06:08:07.754	2021-07-22 17:58:32.558	201950	Jrue Holiday	jrue-holiday	6-3	205	21	G	1610612749
1629603	2021-07-12 06:08:08.203	2021-07-22 17:58:34.332	1629603	Mamadi Diakite	mamadi-diakite	6-9	228	25	F	1610612749
203648	2021-07-12 06:08:08.654	2021-07-22 17:58:35.7	203648	Thanasis Antetokounmpo	thanasis-antetokounmpo	6-6	219	43	F	1610612749
1630162	2021-07-12 06:08:09.556	2021-07-22 17:58:52.809	1630162	Anthony Edwards	anthony-edwards	6-4	225	1	G	1610612750
1630183	2021-07-12 06:08:10.005	2021-07-22 17:58:53.353	1630183	Jaden McDaniels	jaden-mcdaniels	6-9	185	3	F	1610612750
1626157	2021-07-12 06:08:10.499	2021-07-22 17:58:59.507	1626157	Karl-Anthony Towns	karl-anthony-towns	6-11	248	32	C-F	1610612750
1629712	2021-07-12 06:08:10.953	2021-07-22 17:59:13.236	1629712	Didi Louzada	didi-louzada	6-5	188	\N	G	1610612740
1629638	2021-07-12 06:08:11.404	2021-07-22 17:59:16.718	1629638	Nickeil Alexander-Walker	nickeil-alexander-walker	6-6	205	6	G	1610612740
1630230	2021-07-12 06:08:11.854	2021-07-22 17:59:17.26	1630230	Naji Marshall	naji-marshall	6-7	220	8	F	1610612740
1630184	2021-07-12 06:08:12.418	2021-07-22 17:59:19.476	1630184	Kira Lewis Jr.	kira-lewis-jr	6-1	170	13	G	1610612740
203263	2021-07-12 06:08:12.867	2021-07-22 17:59:21.24	203263	James Nunnally	james-nunnally	6-7	205	21	F	1610612740
1630492	2021-07-12 06:08:13.365	2021-07-22 17:59:30.67	1630492	Luca Vildoza	luca-vildoza	6-3	190	\N	G	1610612752
1629607	2021-07-12 06:08:13.818	2021-07-22 17:59:31.212	1629607	Jared Harper	jared-harper	5-10	175	0	G	1610612752
1630193	2021-07-12 06:08:14.268	2021-07-22 17:59:33.657	1630193	Immanuel Quickley	immanuel-quickley	6-3	190	5	G	1610612752
203658	2021-07-12 06:08:14.716	2021-07-22 17:59:36.114	203658	Norvel Pelle	norvel-pelle	6-10	231	14	C	1610612752
1629033	2021-07-12 06:08:15.169	2021-07-22 17:59:37.831	1629033	Theo Pinson	theo-pinson	6-5	212	21	G-F	1610612752
1628983	2021-07-12 06:08:15.62	2021-07-22 17:59:52.299	1628983	Shai Gilgeous-Alexander	shai-gilgeous-alexander	6-6	180	2	G-F	1610612760
1630466	2021-07-12 06:08:16.059	2021-07-22 17:59:53.474	1630466	Gabriel Deck	gabriel-deck	6-6	231	6	F	1610612760
1629004	2021-07-12 06:08:16.507	2021-07-22 17:59:56.881	1629004	Svi Mykhailiuk	svi-mykhailiuk	6-7	205	14	G-F	1610612760
1630221	2021-07-12 06:08:16.955	2021-07-22 17:59:57.418	1630221	Josh Hall	josh-hall	6-9	190	15	F	1610612760
203487	2021-07-12 06:08:17.868	2021-07-22 18:00:13.582	203487	Michael Carter-Williams	michael-carter-williams	6-5	190	7	G	1610612753
1630181	2021-07-12 06:08:18.32	2021-07-22 18:00:15.498	1630181	R.J. Hampton	rj-hampton	6-4	175	13	G	1610612753
203490	2021-07-12 06:08:18.772	2021-07-22 18:00:18.946	203490	Otto Porter Jr.	otto-porter-jr	6-8	198	22	F	1610612753
1626184	2021-07-12 06:08:19.226	2021-07-22 18:00:19.53	1626184	Chasson Randle	chasson-randle	6-2	185	25	G	1610612753
1628976	2021-07-12 06:08:19.678	2021-07-22 18:00:20.614	1628976	Wendell Carter Jr.	wendell-carter-jr	6-10	270	34	C-F	1610612753
1628470	2021-07-12 06:08:20.129	2021-07-22 18:00:55.129	1628470	Torrey Craig	torrey-craig	6-7	221	12	F	1610612756
2546	2021-07-12 06:08:20.763	2021-07-22 18:01:19.727	2546	Carmelo Anthony	carmelo-anthony	6-7	238	00	F	1610612757
1629833	2021-07-12 06:08:21.981	2021-07-22 18:01:25.66	1629833	Keljin Blevins	keljin-blevins	6-4	200	21	G	1610612757
1629056	2021-07-12 06:08:23.372	2021-07-22 18:01:45.467	1629056	Terence Davis	terence-davis	6-4	201	9	G	1610612758
1629022	2021-07-12 06:08:24.701	2021-07-22 18:02:04.251	1629022	Lonnie Walker IV	lonnie-walker-iv	6-4	204	1	G-F	1610612759
1627761	2021-07-12 06:08:25.151	2021-07-22 18:02:31.089	1627761	DeAndre' Bembry	deandre-bembry	6-5	210	95	G-F	1610612761
202324	2021-07-12 06:08:25.645	2021-07-22 18:02:40.734	202324	Derrick Favors	derrick-favors	6-9	265	15	F	1610612762
1628990	2021-07-12 06:08:26.1	2021-07-22 18:02:58.047	1628990	Chandler Hutchison	chandler-hutchison	6-6	210	1	F-G	1610612764
1629655	2021-07-12 06:08:26.549	2021-07-22 18:03:05.385	1629655	Daniel Gafford	daniel-gafford	6-10	234	21	F-C	1610612764
203469	2021-07-12 06:08:26.999	2021-07-22 17:54:44.108	203469	Cody Zeller	cody-zeller	6-11	240	40	F-C	1610612766
1630210	2021-07-12 06:08:27.444	2021-07-22 17:55:44.117	1630210	Markus Howard	markus-howard	5-10	175	00	G	1610612743
202694	2021-07-12 06:08:27.893	2021-07-22 17:57:14.705	202694	Marcus Morris Sr.	marcus-morris-sr	6-8	218	8	F	1610612746
1629645	2021-07-12 06:08:28.34	2021-07-22 17:56:39.07	1629645	Kevin Porter Jr.	kevin-porter-jr	6-4	203	3	G-F	1610612745
1626253	2021-07-12 06:08:09.11	2021-07-22 17:58:36.792	1626253	Axel Toupane	axel-toupane	6-7	210	66	G-F	1610612749
202687	2021-07-12 06:08:48.012	2021-07-22 17:54:38.866	202687	Bismack Biyombo	bismack-biyombo	6-8	255	8	C	1610612766
1629631	2021-07-12 06:08:31.099	2021-07-22 17:53:40.927	1629631	De'Andre Hunter	deandre-hunter	6-8	225	12	F-G	1610612737
1629730	2021-07-12 06:08:36.678	2021-07-22 18:00:31.869	1629730	Rayjon Tucker	rayjon-tucker	6-3	209	9	G	1610612755
1628427	2021-07-12 06:08:32.001	2021-07-22 17:55:51.727	1628427	Vlatko Cancar	vlatko-cancar	6-8	236	31	F	1610612743
1627884	2021-07-12 06:08:36.226	2021-07-22 18:01:22.619	1627884	Derrick Jones Jr.	derrick-jones-jr	6-5	210	5	F	1610612757
1628969	2021-07-12 06:08:38.95	2021-07-22 18:00:57.959	1628969	Mikal Bridges	mikal-bridges	6-6	209	25	F	1610612756
1627812	2021-07-12 06:08:46.227	2021-07-22 17:57:16.81	1627812	Yogi Ferrell	yogi-ferrell	6-0	178	11	G	1610612746
201229	2021-07-12 06:08:31.551	2021-07-22 18:00:39.185	201229	Anthony Tolliver	anthony-tolliver	6-8	240	43	F	1610612755
1628414	2021-07-12 06:08:30.652	2021-07-22 18:00:16.68	1628414	Sindarius Thornwell	sindarius-thornwell	6-4	215	15	G	1610612753
1627745	2021-07-12 06:08:34.87	2021-07-22 18:01:47.385	1627745	Damian Jones	damian-jones	6-11	245	15	C	1610612758
1630233	2021-07-12 06:08:45.778	2021-07-22 17:53:37.211	1630233	Nathan Knight	nathan-knight	6-10	253	1	F-C	1610612737
1626181	2021-07-12 06:08:39.4	2021-07-22 18:01:26.796	1626181	Norman Powell	norman-powell	6-3	215	24	G	1610612757
203476	2021-07-12 06:08:37.132	2021-07-22 18:02:06.553	203476	Gorgui Dieng	gorgui-dieng	6-10	252	7	C	1610612759
1629642	2021-07-12 06:08:39.852	2021-07-22 18:01:23.207	1629642	Nassir Little	nassir-little	6-5	220	9	F-G	1610612757
1630258	2021-07-12 06:08:44.874	2021-07-22 18:02:57.46	1630258	Caleb Homesley	caleb-homesley	6-6	205	\N	G	1610612764
1629663	2021-07-12 06:08:41.245	2021-07-22 18:01:49.292	1629663	Louis King	louis-king	6-7	205	23	F	1610612758
1626178	2021-07-12 06:08:33.515	2021-07-22 18:01:20.91	1626178	Rondae Hollis-Jefferson	rondae-hollis-jefferson	6-6	217	2	F	1610612757
1629714	2021-07-12 06:08:37.587	2021-07-22 18:02:39.597	1629714	Jarrell Brantley	jarrell-brantley	6-5	250	5	F	1610612762
201566	2021-07-12 06:08:38.049	2021-07-22 18:02:59.136	201566	Russell Westbrook	russell-westbrook	6-3	200	4	G	1610612764
1628388	2021-07-12 06:08:34.416	2021-07-22 18:01:25.073	1628388	T.J. Leaf	tj-leaf	6-10	222	18	F	1610612757
1630273	2021-07-12 06:08:38.5	2021-07-22 18:02:23.062	1630273	Freddie Gillespie	freddie-gillespie	6-9	245	\N	F	1610612761
1630169	2021-07-12 06:08:51.666	2021-07-22 18:01:42.711	1630169	Tyrese Haliburton	tyrese-haliburton	6-5	185	0	G	1610612758
202684	2021-07-12 06:08:33.965	2021-07-22 17:53:57.7	202684	Tristan Thompson	tristan-thompson	6-9	254	13	C-F	1610612738
203210	2021-07-12 06:08:48.96	2021-07-22 17:55:44.705	203210	JaMychal Green	jamychal-green	6-8	227	0	F-C	1610612743
1626195	2021-07-12 06:08:29.741	2021-07-22 17:59:17.808	1626195	Willy Hernangomez	willy-hernangomez	6-11	250	9	C-F	1610612740
1628449	2021-07-12 06:08:52.118	2021-07-22 18:02:28.098	1628449	Chris Boucher	chris-boucher	6-9	200	25	F-C	1610612761
203507	2021-07-12 06:08:44.431	2021-07-22 17:58:34.919	203507	Giannis Antetokounmpo	giannis-antetokounmpo	6-11	242	34	F	1610612749
1628418	2021-07-12 06:08:41.697	2021-07-22 18:03:01.798	1628418	Thomas Bryant	thomas-bryant	6-10	248	13	C-F	1610612764
203524	2021-07-12 06:08:47.108	2021-07-22 17:53:43.444	203524	Solomon Hill	solomon-hill	6-6	226	18	F	1610612737
1626174	2021-07-12 06:08:51.215	2021-07-22 17:56:45.831	1626174	Christian Wood	christian-wood	6-10	214	35	F	1610612745
201568	2021-07-12 06:08:47.562	2021-07-22 17:53:39.75	201568	Danilo Gallinari	danilo-gallinari	6-10	233	8	F	1610612737
1629013	2021-07-12 06:08:30.192	2021-07-22 17:54:21.758	1629013	Landry Shamet	landry-shamet	6-4	190	20	G	1610612751
1628977	2021-07-12 06:08:42.158	2021-07-22 17:56:01.683	1628977	Hamidou Diallo	hamidou-diallo	6-5	202	6	G	1610612765
201152	2021-07-12 06:08:45.327	2021-07-22 17:54:58.846	201152	Thaddeus Young	thaddeus-young	6-8	235	21	F	1610612741
1629649	2021-07-12 06:08:32.448	2021-07-22 18:00:17.271	1629649	Ignas Brazdeikis	ignas-brazdeikis	6-6	221	17	F	1610612753
203992	2021-07-12 06:08:43.485	2021-07-22 17:53:41.709	203992	Bogdan Bogdanovic	bogdan-bogdanovic	6-6	220	13	G	1610612737
1629723	2021-07-12 06:08:48.499	2021-07-22 17:57:53.586	1629723	John Konchar	john-konchar	6-5	210	46	G	1610612763
1629658	2021-07-12 06:08:33.064	2021-07-22 17:59:55.199	1629658	Jaylen Hoard	jaylen-hoard	6-8	216	8	F	1610612760
1628975	2021-07-12 06:08:35.774	2021-07-22 18:00:52.791	1628975	Jevon Carter	jevon-carter	6-1	200	4	G	1610612756
1629718	2021-07-12 06:08:35.319	2021-07-22 18:00:01.344	1629718	Charlie Brown Jr.	charlie-brown-jr	6-6	199	44	G	1610612760
1629599	2021-07-12 06:08:49.865	2021-07-22 17:57:14.16	1629599	Amir Coffey	amir-coffey	6-7	210	7	G-F	1610612746
1629164	2021-07-12 06:08:40.301	2021-07-22 17:53:36.39	1629164	Brandon Goodwin	brandon-goodwin	6-0	180	0	G	1610612737
1629002	2021-07-12 06:08:42.601	2021-07-22 18:01:50.423	1629002	Chimezie Metu	chimezie-metu	6-9	225	25	F-C	1610612758
101141	2021-07-12 06:08:43.974	2021-07-22 18:02:46.313	101141	Ersan Ilyasova	ersan-ilyasova	6-9	235	77	F	1610612762
1629162	2021-07-12 06:08:50.316	2021-07-22 17:58:55.083	1629162	Jordan McLaughlin	jordan-mclaughlin	5-11	185	6	G	1610612750
1629057	2021-07-12 06:06:55.631	2021-07-22 17:54:02.02	1629057	Robert Williams III	robert-williams-iii	6-8	237	44	C-F	1610612738
1628978	2021-07-12 06:08:29.287	2021-07-22 17:58:27.26	1628978	Donte DiVincenzo	donte-divincenzo	6-4	203	0	G	1610612749
1628993	2021-07-12 06:08:40.792	2021-07-22 17:54:22.305	1628993	Alize Johnson	alize-johnson	6-7	212	24	F	1610612751
1627759	2021-07-12 06:08:28.837	2021-07-22 17:53:55.345	1627759	Jaylen Brown	jaylen-brown	6-6	223	7	G-F	1610612738
203952	2021-07-12 06:08:52.573	2021-07-22 17:56:26.212	203952	Andrew Wiggins	andrew-wiggins	6-7	197	22	F	1610612744
1627756	2021-07-12 06:08:49.409	2021-07-22 17:55:01.933	1627756	Denzel Valentine	denzel-valentine	6-4	220	45	G	1610612741
203085	2021-07-12 06:08:50.769	2021-07-22 17:55:50.589	203085	Austin Rivers	austin-rivers	6-4	200	25	G	1610612743
1629641	2021-07-12 06:08:46.658	2021-07-22 17:54:02.56	1629641	Romeo Langford	romeo-langford	6-4	216	45	G-F	1610612738
203991	2021-07-12 06:05:46.542	2021-07-22 17:53:42.256	203991	Clint Capela	clint-capela	6-10	240	15	C	1610612737
\.


--
-- Data for Name: Session; Type: TABLE DATA; Schema: public; Owner: postgres
--

COPY public."Session" (id, "userId", expires, "sessionToken", "accessToken", "createdAt", "updatedAt") FROM stdin;
\.


--
-- Data for Name: Team; Type: TABLE DATA; Schema: public; Owner: postgres
--

COPY public."Team" (id, "createdAt", "updatedAt", handle, name, slug, city, abbreviation, logo, "logoSlug", wins, losses, "winPercentage", conference, division, established) FROM stdin;
1610612766	2021-07-12 06:04:42.339	2021-07-22 17:54:34.458	1610612766	Hornets	hornets	Charlotte	CHA	https://res.cloudinary.com/dbc3x3s7c/image/upload/v1611526601/nba-logos/charlotte-hornets-logo.png	charlotte-hornets-logo	33	39	0.458	East	Southeast	1988
1610612741	2021-07-12 06:04:41.981	2021-07-22 17:54:52.534	1610612741	Bulls	bulls	Chicago	CHI	https://res.cloudinary.com/dbc3x3s7c/image/upload/v1611526601/nba-logos/chicago-bulls-logo.png	chicago-bulls-logo	31	41	0.431	East	Central	1966
1610612751	2021-07-12 06:04:38.021	2021-07-22 17:54:13.989	1610612751	Nets	nets	Brooklyn	BKN	https://res.cloudinary.com/dbc3x3s7c/image/upload/v1611526601/nba-logos/brooklyn-nets-logo.png	brooklyn-nets-logo	48	24	0.667	East	Atlantic	1976
1610612739	2021-07-12 06:04:42.162	2021-07-22 17:55:10.465	1610612739	Cavaliers	cavaliers	Cleveland	CLE	https://res.cloudinary.com/dbc3x3s7c/image/upload/v1611526601/nba-logos/cleveland-cavaliers-logo.png	cleveland-cavaliers-logo	22	50	0.306	East	Central	1970
1610612742	2021-07-12 06:04:36.557	2021-07-22 17:55:26.725	1610612742	Mavericks	mavericks	Dallas	DAL	https://res.cloudinary.com/dbc3x3s7c/image/upload/v1611526601/nba-logos/dallas-mavericks-logo.png	dallas-mavericks-logo	42	30	0.583	West	Southwest	1980
1610612743	2021-07-12 06:04:37.238	2021-07-22 17:55:43.849	1610612743	Nuggets	nuggets	Denver	DEN	https://res.cloudinary.com/dbc3x3s7c/image/upload/v1611526601/nba-logos/denver-nuggets-logo.png	denver-nuggets-logo	47	25	0.653	West	Northwest	1976
1610612765	2021-07-12 06:04:37.432	2021-07-22 17:56:00.287	1610612765	Pistons	pistons	Detroit	DET	https://res.cloudinary.com/dbc3x3s7c/image/upload/v1611526601/nba-logos/detroit-pistons-logo.png	detroit-pistons-logo	20	52	0.278	East	Central	1948
1610612744	2021-07-12 06:04:37.659	2021-07-22 17:56:19.344	1610612744	Warriors	warriors	Golden State	GSW	https://res.cloudinary.com/dbc3x3s7c/image/upload/v1611526601/nba-logos/golden-state-warriors-logo.png	golden-state-warriors-logo	39	33	0.542	West	Pacific	1946
1610612745	2021-07-12 06:04:37.842	2021-07-22 17:56:36.546	1610612745	Rockets	rockets	Houston	HOU	https://res.cloudinary.com/dbc3x3s7c/image/upload/v1611526602/nba-logos/houston-rockets-logo.png	houston-rockets-logo	17	55	0.236	West	Southwest	1967
1610612754	2021-07-12 06:04:38.206	2021-07-22 17:56:52.619	1610612754	Pacers	pacers	Indiana	IND	https://res.cloudinary.com/dbc3x3s7c/image/upload/v1611526602/nba-logos/indiana-pacers-logo.png	indiana-pacers-logo	34	38	0.472	East	Central	1976
1610612746	2021-07-12 06:04:38.383	2021-07-22 17:57:10.805	1610612746	Clippers	clippers	LA	LAC	https://res.cloudinary.com/dbc3x3s7c/image/upload/v1611526602/nba-logos/los-angeles-clippers-logo.png	los-angeles-clippers-logo	47	25	0.653	West	Pacific	1970
1610612747	2021-07-12 06:04:38.562	2021-07-22 17:57:27.894	1610612747	Lakers	lakers	Los Angeles	LAL	https://res.cloudinary.com/dbc3x3s7c/image/upload/v1611526602/nba-logos/los-angeles-lakers-logo.png	los-angeles-lakers-logo	42	30	0.583	West	Pacific	1948
1610612763	2021-07-12 06:04:38.739	2021-07-22 17:57:43.993	1610612763	Grizzlies	grizzlies	Memphis	MEM	https://res.cloudinary.com/dbc3x3s7c/image/upload/v1611526602/nba-logos/memphis-grizzlies-logo.png	memphis-grizzlies-logo	38	34	0.528	West	Southwest	1995
1610612748	2021-07-12 06:04:38.923	2021-07-22 17:58:09.889	1610612748	Heat	heat	Miami	MIA	https://res.cloudinary.com/dbc3x3s7c/image/upload/v1611526603/nba-logos/miami-heat-logo.png	miami-heat-logo	40	32	0.556	East	Southeast	1988
1610612749	2021-07-12 06:04:39.102	2021-07-22 17:58:26.754	1610612749	Bucks	bucks	Milwaukee	MIL	https://res.cloudinary.com/dbc3x3s7c/image/upload/v1611526602/nba-logos/milwaukee-bucks-logo.png	milwaukee-bucks-logo	46	26	0.639	East	Central	1968
1610612750	2021-07-12 06:04:39.464	2021-07-22 17:58:51.943	1610612750	Timberwolves	timberwolves	Minnesota	MIN	https://res.cloudinary.com/dbc3x3s7c/image/upload/v1611526604/nba-logos/minnesota-timberwolves-logo.png	minnesota-timberwolves-logo	23	49	0.319	West	Northwest	1989
1610612738	2021-07-12 06:04:39.282	2021-07-22 17:53:53.936	1610612738	Celtics	celtics	Boston	BOS	https://res.cloudinary.com/dbc3x3s7c/image/upload/v1611526601/nba-logos/boston-celtics-logo.png	boston-celtics-logo	36	36	0.5	East	Atlantic	1946
1610612740	2021-07-12 06:04:39.645	2021-07-22 17:59:12.732	1610612740	Pelicans	pelicans	New Orleans	NOP	https://res.cloudinary.com/dbc3x3s7c/image/upload/v1611526604/nba-logos/new-orleans-pelicans-logo.png	new-orleans-pelicans-logo	31	41	0.431	West	Southwest	2002
1610612752	2021-07-12 06:04:39.818	2021-07-22 17:59:30.357	1610612752	Knicks	knicks	New York	NYK	https://res.cloudinary.com/dbc3x3s7c/image/upload/v1611526603/nba-logos/new-york-knicks-logo.png	new-york-knicks-logo	41	31	0.569	East	Atlantic	1946
1610612760	2021-07-12 06:04:40.003	2021-07-22 17:59:52.023	1610612760	Thunder	thunder	Oklahoma City	OKC	https://res.cloudinary.com/dbc3x3s7c/image/upload/v1611526602/nba-logos/oklahoma-city-thunder-logo.png	oklahoma-city-thunder-logo	22	50	0.306	West	Northwest	1967
1610612753	2021-07-12 06:04:40.188	2021-07-22 18:00:11.433	1610612753	Magic	magic	Orlando	ORL	https://res.cloudinary.com/dbc3x3s7c/image/upload/v1611526603/nba-logos/orlando-magic-logo.png	orlando-magic-logo	21	51	0.292	East	Southeast	1989
1610612755	2021-07-12 06:04:40.373	2021-07-22 18:00:29.703	1610612755	76ers	sixers	Philadelphia	PHI	https://res.cloudinary.com/dbc3x3s7c/image/upload/v1611526603/nba-logos/philadelphia-76ers-logo.png	philadelphia-76ers-logo	49	23	0.681	East	Atlantic	1949
1610612756	2021-07-12 06:04:40.549	2021-07-22 18:00:50.214	1610612756	Suns	suns	Phoenix	PHX	https://res.cloudinary.com/dbc3x3s7c/image/upload/v1611526603/nba-logos/phoenix-suns-logo.png	phoenix-suns-logo	51	21	0.708	West	Pacific	1968
1610612757	2021-07-12 06:04:40.728	2021-07-22 18:01:18.631	1610612757	Trail Blazers	blazers	Portland	POR	https://res.cloudinary.com/dbc3x3s7c/image/upload/v1611526604/nba-logos/portland-trail-blazers-logo.png	portland-trail-blazers-logo	42	30	0.583	West	Northwest	1970
1610612758	2021-07-12 06:04:40.906	2021-07-22 18:01:42.432	1610612758	Kings	kings	Sacramento	SAC	https://res.cloudinary.com/dbc3x3s7c/image/upload/v1611526603/nba-logos/sacramento-kings-logo.png	sacramento-kings-logo	31	41	0.431	West	Pacific	1948
1610612759	2021-07-12 06:04:41.084	2021-07-22 18:02:03.98	1610612759	Spurs	spurs	San Antonio	SAS	https://res.cloudinary.com/dbc3x3s7c/image/upload/v1611526604/nba-logos/san-antonio-spurs-logo.png	san-antonio-spurs-logo	33	39	0.458	West	Southwest	1976
1610612761	2021-07-12 06:04:41.264	2021-07-22 18:02:22.748	1610612761	Raptors	raptors	Toronto	TOR	https://res.cloudinary.com/dbc3x3s7c/image/upload/v1611526604/nba-logos/toronto-raptors-logo.png	toronto-raptors-logo	27	45	0.375	East	Atlantic	1995
1610612762	2021-07-12 06:04:41.443	2021-07-22 18:02:37.597	1610612762	Jazz	jazz	Utah	UTA	https://res.cloudinary.com/dbc3x3s7c/image/upload/v1611526604/nba-logos/utah-jazz-logo.png	utah-jazz-logo	52	20	0.722	West	Northwest	1974
1610612764	2021-07-12 06:04:41.621	2021-07-22 18:02:57.183	1610612764	Wizards	wizards	Washington	WAS	https://res.cloudinary.com/dbc3x3s7c/image/upload/v1611526604/nba-logos/washington-wizards-logo.png	washington-wizards-logo	34	38	0.472	East	Southeast	1961
1610612737	2021-07-12 06:04:41.802	2021-07-22 17:53:35.607	1610612737	Hawks	hawks	Atlanta	ATL	https://res.cloudinary.com/dbc3x3s7c/image/upload/v1611526601/nba-logos/atlanta-hawks-logo.png	atlanta-hawks-logo	41	31	0.569	East	Southeast	1949
\.


--
-- Data for Name: User; Type: TABLE DATA; Schema: public; Owner: postgres
--

COPY public."User" (id, name, email, "emailVerified", image, apple, facebook, github, google, twitter, "createdAt", "updatedAt") FROM stdin;
\.


--
-- Data for Name: VerificationRequest; Type: TABLE DATA; Schema: public; Owner: postgres
--

COPY public."VerificationRequest" (id, identifier, token, expires, "createdAt", "updatedAt") FROM stdin;
\.


--
-- Data for Name: _prisma_migrations; Type: TABLE DATA; Schema: public; Owner: postgres
--

COPY public._prisma_migrations (id, checksum, finished_at, migration_name, logs, rolled_back_at, started_at, applied_steps_count) FROM stdin;
7e625ed8-ab6f-499d-9973-01ea8c9e2a75	5ecf4053bc1f5600b7119719e89ac6b08b586a719dfdc7bb6a5d4218190892a9	2021-07-12 06:04:32.371082+00	20210712051947_init_migration	\N	\N	2021-07-12 06:04:31.832703+00	1
\.


--
-- Name: Account Account_pkey; Type: CONSTRAINT; Schema: public; Owner: postgres
--

ALTER TABLE ONLY public."Account"
    ADD CONSTRAINT "Account_pkey" PRIMARY KEY (id);


--
-- Name: Coach Coach_pkey; Type: CONSTRAINT; Schema: public; Owner: postgres
--

ALTER TABLE ONLY public."Coach"
    ADD CONSTRAINT "Coach_pkey" PRIMARY KEY (id);


--
-- Name: ColorScheme ColorScheme_pkey; Type: CONSTRAINT; Schema: public; Owner: postgres
--

ALTER TABLE ONLY public."ColorScheme"
    ADD CONSTRAINT "ColorScheme_pkey" PRIMARY KEY (id);


--
-- Name: Player Player_pkey; Type: CONSTRAINT; Schema: public; Owner: postgres
--

ALTER TABLE ONLY public."Player"
    ADD CONSTRAINT "Player_pkey" PRIMARY KEY (id);


--
-- Name: Session Session_pkey; Type: CONSTRAINT; Schema: public; Owner: postgres
--

ALTER TABLE ONLY public."Session"
    ADD CONSTRAINT "Session_pkey" PRIMARY KEY (id);


--
-- Name: Team Team_pkey; Type: CONSTRAINT; Schema: public; Owner: postgres
--

ALTER TABLE ONLY public."Team"
    ADD CONSTRAINT "Team_pkey" PRIMARY KEY (id);


--
-- Name: User User_pkey; Type: CONSTRAINT; Schema: public; Owner: postgres
--

ALTER TABLE ONLY public."User"
    ADD CONSTRAINT "User_pkey" PRIMARY KEY (id);


--
-- Name: VerificationRequest VerificationRequest_pkey; Type: CONSTRAINT; Schema: public; Owner: postgres
--

ALTER TABLE ONLY public."VerificationRequest"
    ADD CONSTRAINT "VerificationRequest_pkey" PRIMARY KEY (id);


--
-- Name: _prisma_migrations _prisma_migrations_pkey; Type: CONSTRAINT; Schema: public; Owner: postgres
--

ALTER TABLE ONLY public._prisma_migrations
    ADD CONSTRAINT _prisma_migrations_pkey PRIMARY KEY (id);


--
-- Name: Account.providerId_providerAccountId_unique; Type: INDEX; Schema: public; Owner: postgres
--

CREATE UNIQUE INDEX "Account.providerId_providerAccountId_unique" ON public."Account" USING btree ("providerId", "providerAccountId");


--
-- Name: Coach.handle_unique; Type: INDEX; Schema: public; Owner: postgres
--

CREATE UNIQUE INDEX "Coach.handle_unique" ON public."Coach" USING btree (handle);


--
-- Name: Coach.name_unique; Type: INDEX; Schema: public; Owner: postgres
--

CREATE UNIQUE INDEX "Coach.name_unique" ON public."Coach" USING btree (name);


--
-- Name: ColorScheme.teamId_unique; Type: INDEX; Schema: public; Owner: postgres
--

CREATE UNIQUE INDEX "ColorScheme.teamId_unique" ON public."ColorScheme" USING btree ("teamId");


--
-- Name: Player.handle_unique; Type: INDEX; Schema: public; Owner: postgres
--

CREATE UNIQUE INDEX "Player.handle_unique" ON public."Player" USING btree (handle);


--
-- Name: Player.name_unique; Type: INDEX; Schema: public; Owner: postgres
--

CREATE UNIQUE INDEX "Player.name_unique" ON public."Player" USING btree (name);


--
-- Name: Player.slug_unique; Type: INDEX; Schema: public; Owner: postgres
--

CREATE UNIQUE INDEX "Player.slug_unique" ON public."Player" USING btree (slug);


--
-- Name: Session.accessToken_unique; Type: INDEX; Schema: public; Owner: postgres
--

CREATE UNIQUE INDEX "Session.accessToken_unique" ON public."Session" USING btree ("accessToken");


--
-- Name: Session.sessionToken_unique; Type: INDEX; Schema: public; Owner: postgres
--

CREATE UNIQUE INDEX "Session.sessionToken_unique" ON public."Session" USING btree ("sessionToken");


--
-- Name: Team.abbreviation_unique; Type: INDEX; Schema: public; Owner: postgres
--

CREATE UNIQUE INDEX "Team.abbreviation_unique" ON public."Team" USING btree (abbreviation);


--
-- Name: Team.handle_unique; Type: INDEX; Schema: public; Owner: postgres
--

CREATE UNIQUE INDEX "Team.handle_unique" ON public."Team" USING btree (handle);


--
-- Name: Team.logoSlug_unique; Type: INDEX; Schema: public; Owner: postgres
--

CREATE UNIQUE INDEX "Team.logoSlug_unique" ON public."Team" USING btree ("logoSlug");


--
-- Name: Team.logo_unique; Type: INDEX; Schema: public; Owner: postgres
--

CREATE UNIQUE INDEX "Team.logo_unique" ON public."Team" USING btree (logo);


--
-- Name: Team.name_unique; Type: INDEX; Schema: public; Owner: postgres
--

CREATE UNIQUE INDEX "Team.name_unique" ON public."Team" USING btree (name);


--
-- Name: Team.slug_unique; Type: INDEX; Schema: public; Owner: postgres
--

CREATE UNIQUE INDEX "Team.slug_unique" ON public."Team" USING btree (slug);


--
-- Name: User.email_unique; Type: INDEX; Schema: public; Owner: postgres
--

CREATE UNIQUE INDEX "User.email_unique" ON public."User" USING btree (email);


--
-- Name: VerificationRequest.identifier_token_unique; Type: INDEX; Schema: public; Owner: postgres
--

CREATE UNIQUE INDEX "VerificationRequest.identifier_token_unique" ON public."VerificationRequest" USING btree (identifier, token);


--
-- Name: VerificationRequest.token_unique; Type: INDEX; Schema: public; Owner: postgres
--

CREATE UNIQUE INDEX "VerificationRequest.token_unique" ON public."VerificationRequest" USING btree (token);


--
-- Name: Account Account_userId_fkey; Type: FK CONSTRAINT; Schema: public; Owner: postgres
--

ALTER TABLE ONLY public."Account"
    ADD CONSTRAINT "Account_userId_fkey" FOREIGN KEY ("userId") REFERENCES public."User"(id) ON UPDATE CASCADE ON DELETE CASCADE;


--
-- Name: Coach Coach_teamId_fkey; Type: FK CONSTRAINT; Schema: public; Owner: postgres
--

ALTER TABLE ONLY public."Coach"
    ADD CONSTRAINT "Coach_teamId_fkey" FOREIGN KEY ("teamId") REFERENCES public."Team"(id) ON UPDATE CASCADE ON DELETE SET NULL;


--
-- Name: ColorScheme ColorScheme_teamId_fkey; Type: FK CONSTRAINT; Schema: public; Owner: postgres
--

ALTER TABLE ONLY public."ColorScheme"
    ADD CONSTRAINT "ColorScheme_teamId_fkey" FOREIGN KEY ("teamId") REFERENCES public."Team"(id) ON UPDATE CASCADE ON DELETE SET NULL;


--
-- Name: Player Player_teamId_fkey; Type: FK CONSTRAINT; Schema: public; Owner: postgres
--

ALTER TABLE ONLY public."Player"
    ADD CONSTRAINT "Player_teamId_fkey" FOREIGN KEY ("teamId") REFERENCES public."Team"(id) ON UPDATE CASCADE ON DELETE SET NULL;


--
-- Name: Session Session_userId_fkey; Type: FK CONSTRAINT; Schema: public; Owner: postgres
--

ALTER TABLE ONLY public."Session"
    ADD CONSTRAINT "Session_userId_fkey" FOREIGN KEY ("userId") REFERENCES public."User"(id) ON UPDATE CASCADE ON DELETE CASCADE;


--
-- PostgreSQL database dump complete
--

